window_seconds,trained_on_dataset,dataset_id,subject,raw_file,state,occupancy,median_dwell_seconds,transition_count_from_state,unknown_fraction,sampling_gap_break_count
2,ds005284,eegmmidb,S001,data/eegmmidb/S001/S001R01.edf,1,0.03333333333333333,2.0,0,0.9666666666666667,0
2,ds005284,eegmmidb,S001,data/eegmmidb/S001/S001R03.edf,1,0.08333333333333333,2.0,0,0.9166666666666666,14
2,ds005284,eegmmidb,S001,data/eegmmidb/S001/S001R08.edf,1,0.020833333333333332,2.0,0,0.9791666666666666,14
2,ds005284,eegmmidb,S001,data/eegmmidb/S001/S001R11.edf,1,0.041666666666666664,2.0,0,0.9583333333333334,14
2,ds005284,eegmmidb,S001,data/eegmmidb/S001/S001R12.edf,1,0.020833333333333332,2.0,0,0.9791666666666666,14
2,ds005284,eegmmidb,S002,data/eegmmidb/S002/S002R01.edf,0,0.03333333333333333,2.0,0,0.8666666666666667,0
2,ds005284,eegmmidb,S002,data/eegmmidb/S002/S002R01.edf,1,0.1,2.0,0,0.8666666666666667,0
2,ds005284,eegmmidb,S002,data/eegmmidb/S002/S002R03.edf,0,0.0625,3.0,0,0.8958333333333334,13
2,ds005284,eegmmidb,S002,data/eegmmidb/S002/S002R03.edf,1,0.041666666666666664,2.0,0,0.8958333333333334,13
2,ds005284,eegmmidb,S002,data/eegmmidb/S002/S002R04.edf,0,0.4583333333333333,2.0,2,0.47916666666666663,13
2,ds005284,eegmmidb,S002,data/eegmmidb/S002/S002R04.edf,1,0.0625,2.0,1,0.47916666666666663,13
2,ds005284,eegmmidb,S002,data/eegmmidb/S002/S002R07.edf,0,0.20833333333333334,2.0,1,0.45833333333333337,13
2,ds005284,eegmmidb,S002,data/eegmmidb/S002/S002R07.edf,1,0.3333333333333333,4.0,0,0.45833333333333337,13
2,ds005284,eegmmidb,S002,data/eegmmidb/S002/S002R08.edf,0,0.4583333333333333,2.0,1,0.5208333333333333,13
2,ds005284,eegmmidb,S002,data/eegmmidb/S002/S002R08.edf,1,0.020833333333333332,2.0,0,0.5208333333333333,13
2,ds005284,eegmmidb,S002,data/eegmmidb/S002/S002R11.edf,0,0.3333333333333333,4.0,1,0.5833333333333333,13
2,ds005284,eegmmidb,S002,data/eegmmidb/S002/S002R11.edf,1,0.08333333333333333,2.0,2,0.5833333333333333,13
2,ds005284,eegmmidb,S002,data/eegmmidb/S002/S002R12.edf,0,0.3125,2.0,0,0.625,13
2,ds005284,eegmmidb,S002,data/eegmmidb/S002/S002R12.edf,1,0.0625,2.0,0,0.625,13
2,ds005284,eegmmidb,S003,data/eegmmidb/S003/S003R03.edf,1,0.020833333333333332,2.0,0,0.9791666666666666,14
2,ds005284,eegmmidb,S003,data/eegmmidb/S003/S003R11.edf,1,0.020833333333333332,2.0,0,0.9791666666666666,14
2,ds005284,eegmmidb,S004,data/eegmmidb/S004/S004R01.edf,1,0.06666666666666667,2.0,0,0.9333333333333333,0
2,ds005284,eegmmidb,S004,data/eegmmidb/S004/S004R02.edf,0,0.4,4.0,0,0.6,0
2,ds005284,eegmmidb,S004,data/eegmmidb/S004/S004R03.edf,0,0.375,2.0,4,0.29166666666666663,13
2,ds005284,eegmmidb,S004,data/eegmmidb/S004/S004R03.edf,1,0.3333333333333333,2.0,7,0.29166666666666663,13
2,ds005284,eegmmidb,S004,data/eegmmidb/S004/S004R04.edf,0,0.10416666666666667,2.0,1,0.5416666666666667,13
2,ds005284,eegmmidb,S004,data/eegmmidb/S004/S004R04.edf,1,0.3541666666666667,2.0,1,0.5416666666666667,13
2,ds005284,eegmmidb,S004,data/eegmmidb/S004/S004R07.edf,0,0.4583333333333333,4.0,6,0.27083333333333337,13
2,ds005284,eegmmidb,S004,data/eegmmidb/S004/S004R07.edf,1,0.2708333333333333,2.0,3,0.27083333333333337,13
2,ds005284,eegmmidb,S004,data/eegmmidb/S004/S004R08.edf,0,0.16666666666666666,2.0,1,0.5,13
2,ds005284,eegmmidb,S004,data/eegmmidb/S004/S004R08.edf,1,0.3333333333333333,2.0,3,0.5,13
2,ds005284,eegmmidb,S004,data/eegmmidb/S004/S004R11.edf,0,0.5833333333333334,4.0,6,0.14583333333333337,13
2,ds005284,eegmmidb,S004,data/eegmmidb/S004/S004R11.edf,1,0.2708333333333333,2.0,6,0.14583333333333337,13
2,ds005284,eegmmidb,S004,data/eegmmidb/S004/S004R12.edf,0,0.020833333333333332,2.0,0,0.6666666666666667,13
2,ds005284,eegmmidb,S004,data/eegmmidb/S004/S004R12.edf,1,0.3125,2.0,1,0.6666666666666667,13
2,ds005284,eegmmidb,S005,data/eegmmidb/S005/S005R01.edf,1,0.1,2.0,0,0.9,0
2,ds005284,eegmmidb,S005,data/eegmmidb/S005/S005R02.edf,1,0.06666666666666667,2.0,0,0.9333333333333333,0
2,ds005284,eegmmidb,S005,data/eegmmidb/S005/S005R03.edf,1,0.020833333333333332,2.0,0,0.9791666666666666,13
2,ds005284,eegmmidb,S005,data/eegmmidb/S005/S005R04.edf,1,0.3541666666666667,2.0,0,0.6458333333333333,13
2,ds005284,eegmmidb,S005,data/eegmmidb/S005/S005R07.edf,1,0.125,2.0,0,0.875,13
2,ds005284,eegmmidb,S005,data/eegmmidb/S005/S005R08.edf,1,0.1875,2.0,0,0.8125,13
2,ds005284,eegmmidb,S005,data/eegmmidb/S005/S005R11.edf,1,0.10416666666666667,2.0,0,0.8958333333333334,13
2,ds005284,eegmmidb,S005,data/eegmmidb/S005/S005R12.edf,0,0.020833333333333332,2.0,1,0.7083333333333333,13
2,ds005284,eegmmidb,S005,data/eegmmidb/S005/S005R12.edf,1,0.2708333333333333,2.0,0,0.7083333333333333,13
2,ds005284,eegmmidb,S006,data/eegmmidb/S006/S006R01.edf,0,0.06666666666666667,2.0,1,0.43333333333333335,0
2,ds005284,eegmmidb,S006,data/eegmmidb/S006/S006R01.edf,1,0.5,4.0,1,0.43333333333333335,0
2,ds005284,eegmmidb,S006,data/eegmmidb/S006/S006R02.edf,0,0.43333333333333335,2.0,0,0.5666666666666667,0
2,ds005284,eegmmidb,S006,data/eegmmidb/S006/S006R03.edf,0,0.3958333333333333,2.0,1,0.4375,3
2,ds005284,eegmmidb,S006,data/eegmmidb/S006/S006R03.edf,1,0.16666666666666666,2.0,4,0.4375,3
2,ds005284,eegmmidb,S006,data/eegmmidb/S006/S006R04.edf,0,0.375,2.0,2,0.45833333333333337,1
2,ds005284,eegmmidb,S006,data/eegmmidb/S006/S006R04.edf,1,0.16666666666666666,2.0,2,0.45833333333333337,1
2,ds005284,eegmmidb,S006,data/eegmmidb/S006/S006R07.edf,1,0.11538461538461539,2.0,0,0.8846153846153846,0
2,ds005284,eegmmidb,S006,data/eegmmidb/S006/S006R08.edf,0,0.07692307692307693,2.0,1,0.8461538461538461,0
2,ds005284,eegmmidb,S006,data/eegmmidb/S006/S006R08.edf,1,0.07692307692307693,2.0,0,0.8461538461538461,0
2,ds005284,eegmmidb,S006,data/eegmmidb/S006/S006R11.edf,1,0.05,2.0,0,0.95,0
2,ds005284,eegmmidb,S006,data/eegmmidb/S006/S006R12.edf,0,0.043478260869565216,2.0,0,0.8695652173913043,0
2,ds005284,eegmmidb,S006,data/eegmmidb/S006/S006R12.edf,1,0.08695652173913043,4.0,0,0.8695652173913043,0
2,ds005284,eegmmidb,S007,data/eegmmidb/S007/S007R01.edf,0,0.047619047619047616,2.0,1,0.6666666666666667,0
2,ds005284,eegmmidb,S007,data/eegmmidb/S007/S007R01.edf,1,0.2857142857142857,2.0,1,0.6666666666666667,0
2,ds005284,eegmmidb,S007,data/eegmmidb/S007/S007R03.edf,1,0.5,6.0,0,0.5,0
2,ds005284,eegmmidb,S007,data/eegmmidb/S007/S007R04.edf,0,0.2222222222222222,2.0,1,0.33333333333333337,0
2,ds005284,eegmmidb,S007,data/eegmmidb/S007/S007R04.edf,1,0.4444444444444444,2.0,1,0.33333333333333337,0
2,ds005284,eegmmidb,S007,data/eegmmidb/S007/S007R07.edf,1,0.125,2.0,0,0.875,14
2,ds005284,eegmmidb,S007,data/eegmmidb/S007/S007R08.edf,0,0.0625,2.0,0,0.875,14
2,ds005284,eegmmidb,S007,data/eegmmidb/S007/S007R08.edf,1,0.0625,2.0,0,0.875,14
2,ds005284,eegmmidb,S007,data/eegmmidb/S007/S007R11.edf,1,0.14583333333333334,2.0,0,0.8541666666666666,14
2,ds005284,eegmmidb,S007,data/eegmmidb/S007/S007R12.edf,1,0.020833333333333332,2.0,0,0.9791666666666666,14
2,ds005284,eegmmidb,S008,data/eegmmidb/S008/S008R01.edf,0,0.5,2.0,4,0.2666666666666667,0
2,ds005284,eegmmidb,S008,data/eegmmidb/S008/S008R01.edf,1,0.23333333333333334,2.0,4,0.2666666666666667,0
2,ds005284,eegmmidb,S008,data/eegmmidb/S008/S008R02.edf,0,0.36666666666666664,3.0,3,0.4,0
2,ds005284,eegmmidb,S008,data/eegmmidb/S008/S008R02.edf,1,0.23333333333333334,3.0,2,0.4,0
2,ds005284,eegmmidb,S008,data/eegmmidb/S008/S008R03.edf,0,0.125,2.0,1,0.47916666666666663,13
2,ds005284,eegmmidb,S008,data/eegmmidb/S008/S008R03.edf,1,0.3958333333333333,2.0,0,0.47916666666666663,13
2,ds005284,eegmmidb,S008,data/eegmmidb/S008/S008R04.edf,0,0.6041666666666666,2.0,7,0.16666666666666663,13
2,ds005284,eegmmidb,S008,data/eegmmidb/S008/S008R04.edf,1,0.22916666666666666,2.0,4,0.16666666666666663,13
2,ds005284,eegmmidb,S008,data/eegmmidb/S008/S008R07.edf,0,0.4791666666666667,2.0,5,0.20833333333333337,13
2,ds005284,eegmmidb,S008,data/eegmmidb/S008/S008R07.edf,1,0.3125,2.0,7,0.20833333333333337,13
2,ds005284,eegmmidb,S008,data/eegmmidb/S008/S008R08.edf,0,0.4791666666666667,2.0,7,0.29166666666666663,13
2,ds005284,eegmmidb,S008,data/eegmmidb/S008/S008R08.edf,1,0.22916666666666666,2.0,5,0.29166666666666663,13
2,ds005284,eegmmidb,S008,data/eegmmidb/S008/S008R11.edf,0,0.4583333333333333,2.0,8,0.14583333333333337,13
2,ds005284,eegmmidb,S008,data/eegmmidb/S008/S008R11.edf,1,0.3958333333333333,2.0,8,0.14583333333333337,13
2,ds005284,eegmmidb,S008,data/eegmmidb/S008/S008R12.edf,0,0.6041666666666666,4.0,5,0.20833333333333337,13
2,ds005284,eegmmidb,S008,data/eegmmidb/S008/S008R12.edf,1,0.1875,2.0,3,0.20833333333333337,13
2,ds005284,eegmmidb,S010,data/eegmmidb/S010/S010R02.edf,1,0.03333333333333333,2.0,0,0.9666666666666667,0
2,ds005284,eegmmidb,S010,data/eegmmidb/S010/S010R08.edf,1,0.08333333333333333,2.0,0,0.9166666666666666,13
2,ds005284,eegmmidb,S010,data/eegmmidb/S010/S010R11.edf,1,0.020833333333333332,2.0,0,0.9791666666666666,13
2,ds005284,eegmmidb,S010,data/eegmmidb/S010/S010R12.edf,1,0.0625,2.0,0,0.9375,13
2,eegmmidb,ds005284,sub-001,data/ds005284/sub-001/eeg/sub-001_task-26ByBiosemi_eeg.bdf,0,0.10416666666666667,2.0,0,0.4375,47
2,eegmmidb,ds005284,sub-001,data/ds005284/sub-001/eeg/sub-001_task-26ByBiosemi_eeg.bdf,1,0.3958333333333333,2.0,0,0.4375,47
2,eegmmidb,ds005284,sub-001,data/ds005284/sub-001/eeg/sub-001_task-26ByBiosemi_eeg.bdf,2,0.0625,2.0,0,0.4375,47
2,eegmmidb,ds005284,sub-002,data/ds005284/sub-002/eeg/sub-002_task-26ByBiosemi_eeg.bdf,0,0.4791666666666667,2.0,0,0.14583333333333337,47
2,eegmmidb,ds005284,sub-002,data/ds005284/sub-002/eeg/sub-002_task-26ByBiosemi_eeg.bdf,1,0.0625,2.0,0,0.14583333333333337,47
2,eegmmidb,ds005284,sub-002,data/ds005284/sub-002/eeg/sub-002_task-26ByBiosemi_eeg.bdf,2,0.3125,2.0,0,0.14583333333333337,47
2,eegmmidb,ds005284,sub-003,data/ds005284/sub-003/eeg/sub-003_task-26ByBiosemi_eeg.bdf,0,0.4166666666666667,2.0,0,0.47916666666666663,47
2,eegmmidb,ds005284,sub-003,data/ds005284/sub-003/eeg/sub-003_task-26ByBiosemi_eeg.bdf,1,0.041666666666666664,2.0,0,0.47916666666666663,47
2,eegmmidb,ds005284,sub-003,data/ds005284/sub-003/eeg/sub-003_task-26ByBiosemi_eeg.bdf,2,0.0625,2.0,0,0.47916666666666663,47
2,eegmmidb,ds005284,sub-004,data/ds005284/sub-004/eeg/sub-004_task-26ByBiosemi_eeg.bdf,0,0.125,2.0,0,0.10416666666666663,47
2,eegmmidb,ds005284,sub-004,data/ds005284/sub-004/eeg/sub-004_task-26ByBiosemi_eeg.bdf,1,0.5833333333333334,2.0,0,0.10416666666666663,47
2,eegmmidb,ds005284,sub-004,data/ds005284/sub-004/eeg/sub-004_task-26ByBiosemi_eeg.bdf,2,0.1875,2.0,0,0.10416666666666663,47
2,eegmmidb,ds005284,sub-005,data/ds005284/sub-005/eeg/sub-005_task-26ByBiosemi_eeg.bdf,0,0.22916666666666666,2.0,0,0.5,47
2,eegmmidb,ds005284,sub-005,data/ds005284/sub-005/eeg/sub-005_task-26ByBiosemi_eeg.bdf,1,0.2708333333333333,2.0,0,0.5,47
2,eegmmidb,ds005284,sub-006,data/ds005284/sub-006/eeg/sub-006_task-26ByBiosemi_eeg.bdf,0,0.4791666666666667,2.0,0,0.10416666666666663,47
2,eegmmidb,ds005284,sub-006,data/ds005284/sub-006/eeg/sub-006_task-26ByBiosemi_eeg.bdf,1,0.1875,2.0,0,0.10416666666666663,47
2,eegmmidb,ds005284,sub-006,data/ds005284/sub-006/eeg/sub-006_task-26ByBiosemi_eeg.bdf,2,0.22916666666666666,2.0,0,0.10416666666666663,47
2,eegmmidb,ds005284,sub-007,data/ds005284/sub-007/eeg/sub-007_task-26ByBiosemi_eeg.bdf,0,0.3541666666666667,2.0,0,0.5416666666666667,47
2,eegmmidb,ds005284,sub-007,data/ds005284/sub-007/eeg/sub-007_task-26ByBiosemi_eeg.bdf,1,0.0625,2.0,0,0.5416666666666667,47
2,eegmmidb,ds005284,sub-007,data/ds005284/sub-007/eeg/sub-007_task-26ByBiosemi_eeg.bdf,2,0.041666666666666664,2.0,0,0.5416666666666667,47
2,eegmmidb,ds005284,sub-008,data/ds005284/sub-008/eeg/sub-008_task-26ByBiosemi_eeg.bdf,0,0.2916666666666667,2.0,0,0.5416666666666667,47
2,eegmmidb,ds005284,sub-008,data/ds005284/sub-008/eeg/sub-008_task-26ByBiosemi_eeg.bdf,1,0.0625,2.0,0,0.5416666666666667,47
2,eegmmidb,ds005284,sub-008,data/ds005284/sub-008/eeg/sub-008_task-26ByBiosemi_eeg.bdf,2,0.10416666666666667,2.0,0,0.5416666666666667,47
2,eegmmidb,ds005284,sub-009,data/ds005284/sub-009/eeg/sub-009_task-26ByBiosemi_eeg.bdf,0,0.16666666666666666,2.0,0,0.35416666666666663,47
2,eegmmidb,ds005284,sub-009,data/ds005284/sub-009/eeg/sub-009_task-26ByBiosemi_eeg.bdf,1,0.4583333333333333,2.0,0,0.35416666666666663,47
2,eegmmidb,ds005284,sub-009,data/ds005284/sub-009/eeg/sub-009_task-26ByBiosemi_eeg.bdf,2,0.020833333333333332,2.0,0,0.35416666666666663,47
2,eegmmidb,ds005284,sub-010,data/ds005284/sub-010/eeg/sub-010_task-26ByBiosemi_eeg.bdf,0,0.3333333333333333,2.0,0,0.10416666666666663,47
2,eegmmidb,ds005284,sub-010,data/ds005284/sub-010/eeg/sub-010_task-26ByBiosemi_eeg.bdf,1,0.5625,2.0,0,0.10416666666666663,47
4,ds005284,eegmmidb,S002,data/eegmmidb/S002/S002R01.edf,2,0.06666666666666667,4.0,0,0.9333333333333333,0
4,ds005284,eegmmidb,S002,data/eegmmidb/S002/S002R07.edf,0,0.03333333333333333,4.0,1,0.7333333333333334,0
4,ds005284,eegmmidb,S002,data/eegmmidb/S002/S002R07.edf,2,0.16666666666666666,4.0,1,0.7333333333333334,0
4,ds005284,eegmmidb,S002,data/eegmmidb/S002/S002R07.edf,3,0.06666666666666667,4.0,2,0.7333333333333334,0
4,ds005284,eegmmidb,S002,data/eegmmidb/S002/S002R08.edf,3,0.1,4.0,0,0.9,0
4,ds005284,eegmmidb,S002,data/eegmmidb/S002/S002R11.edf,2,0.06666666666666667,8.0,0,0.8666666666666667,0
4,ds005284,eegmmidb,S002,data/eegmmidb/S002/S002R11.edf,3,0.06666666666666667,4.0,0,0.8666666666666667,0
4,ds005284,eegmmidb,S002,data/eegmmidb/S002/S002R12.edf,3,0.03333333333333333,4.0,0,0.9666666666666667,0
4,ds005284,eegmmidb,S004,data/eegmmidb/S004/S004R01.edf,0,0.2,6.0,0,0.8,0
4,ds005284,eegmmidb,S004,data/eegmmidb/S004/S004R02.edf,3,0.13333333333333333,4.0,0,0.8666666666666667,0
4,ds005284,eegmmidb,S004,data/eegmmidb/S004/S004R03.edf,0,0.43333333333333335,4.0,4,0.33333333333333337,0
4,ds005284,eegmmidb,S004,data/eegmmidb/S004/S004R03.edf,2,0.23333333333333334,4.0,4,0.33333333333333337,0
4,ds005284,eegmmidb,S004,data/eegmmidb/S004/S004R04.edf,0,0.5,4.0,5,0.30000000000000004,0
4,ds005284,eegmmidb,S004,data/eegmmidb/S004/S004R04.edf,2,0.2,4.0,4,0.30000000000000004,0
4,ds005284,eegmmidb,S004,data/eegmmidb/S004/S004R07.edf,0,0.5333333333333333,4.0,4,0.33333333333333337,0
4,ds005284,eegmmidb,S004,data/eegmmidb/S004/S004R07.edf,2,0.1,4.0,3,0.33333333333333337,0
4,ds005284,eegmmidb,S004,data/eegmmidb/S004/S004R07.edf,3,0.03333333333333333,4.0,1,0.33333333333333337,0
4,ds005284,eegmmidb,S004,data/eegmmidb/S004/S004R08.edf,0,0.5,4.0,2,0.4,0
4,ds005284,eegmmidb,S004,data/eegmmidb/S004/S004R08.edf,2,0.1,4.0,1,0.4,0
4,ds005284,eegmmidb,S004,data/eegmmidb/S004/S004R11.edf,0,0.4666666666666667,4.0,8,0.16666666666666663,0
4,ds005284,eegmmidb,S004,data/eegmmidb/S004/S004R11.edf,2,0.13333333333333333,4.0,3,0.16666666666666663,0
4,ds005284,eegmmidb,S004,data/eegmmidb/S004/S004R11.edf,3,0.23333333333333334,4.0,5,0.16666666666666663,0
4,ds005284,eegmmidb,S004,data/eegmmidb/S004/S004R12.edf,0,0.5,4.0,0,0.5,0
4,ds005284,eegmmidb,S005,data/eegmmidb/S005/S005R04.edf,0,0.03333333333333333,4.0,0,0.9333333333333333,0
4,ds005284,eegmmidb,S005,data/eegmmidb/S005/S005R04.edf,2,0.03333333333333333,4.0,0,0.9333333333333333,0
4,ds005284,eegmmidb,S005,data/eegmmidb/S005/S005R08.edf,2,0.1,6.0,0,0.9,0
4,ds005284,eegmmidb,S005,data/eegmmidb/S005/S005R11.edf,2,0.03333333333333333,4.0,0,0.9666666666666667,0
4,ds005284,eegmmidb,S005,data/eegmmidb/S005/S005R12.edf,2,0.23333333333333334,4.0,0,0.7666666666666666,0
4,ds005284,eegmmidb,S006,data/eegmmidb/S006/S006R01.edf,0,0.06666666666666667,4.0,1,0.06666666666666665,0
4,ds005284,eegmmidb,S006,data/eegmmidb/S006/S006R01.edf,2,0.8666666666666667,26.0,0,0.06666666666666665,0
4,ds005284,eegmmidb,S006,data/eegmmidb/S006/S006R03.edf,2,0.48,8.0,0,0.52,0
4,ds005284,eegmmidb,S006,data/eegmmidb/S006/S006R04.edf,2,0.5,4.0,0,0.5,0
4,ds005284,eegmmidb,S006,data/eegmmidb/S006/S006R07.edf,2,0.15384615384615385,4.0,0,0.8461538461538461,0
4,ds005284,eegmmidb,S006,data/eegmmidb/S006/S006R08.edf,2,0.23076923076923078,4.0,0,0.7692307692307692,0
4,ds005284,eegmmidb,S006,data/eegmmidb/S006/S006R11.edf,2,0.1,4.0,0,0.9,0
4,ds005284,eegmmidb,S006,data/eegmmidb/S006/S006R12.edf,2,0.18181818181818182,4.0,0,0.8181818181818181,0
4,ds005284,eegmmidb,S007,data/eegmmidb/S007/S007R01.edf,0,0.1,4.0,0,0.9,0
4,ds005284,eegmmidb,S007,data/eegmmidb/S007/S007R03.edf,0,0.25,8.0,0,0.75,0
4,ds005284,eegmmidb,S008,data/eegmmidb/S008/S008R01.edf,0,0.06666666666666667,4.0,1,0.5333333333333333,0
4,ds005284,eegmmidb,S008,data/eegmmidb/S008/S008R01.edf,2,0.4,4.0,0,0.5333333333333333,0
4,ds005284,eegmmidb,S008,data/eegmmidb/S008/S008R02.edf,0,0.06666666666666667,4.0,1,0.5333333333333333,0
4,ds005284,eegmmidb,S008,data/eegmmidb/S008/S008R02.edf,2,0.2,12.0,0,0.5333333333333333,0
4,ds005284,eegmmidb,S008,data/eegmmidb/S008/S008R02.edf,3,0.2,12.0,0,0.5333333333333333,0
4,ds005284,eegmmidb,S008,data/eegmmidb/S008/S008R03.edf,0,0.03333333333333333,4.0,0,0.5666666666666667,0
4,ds005284,eegmmidb,S008,data/eegmmidb/S008/S008R03.edf,2,0.4,4.0,0,0.5666666666666667,0
4,ds005284,eegmmidb,S008,data/eegmmidb/S008/S008R04.edf,0,0.06666666666666667,4.0,1,0.4,0
4,ds005284,eegmmidb,S008,data/eegmmidb/S008/S008R04.edf,2,0.5333333333333333,4.0,2,0.4,0
4,ds005284,eegmmidb,S008,data/eegmmidb/S008/S008R07.edf,0,0.3,4.0,4,0.33333333333333337,0
4,ds005284,eegmmidb,S008,data/eegmmidb/S008/S008R07.edf,2,0.3333333333333333,4.0,4,0.33333333333333337,0
4,ds005284,eegmmidb,S008,data/eegmmidb/S008/S008R07.edf,3,0.03333333333333333,4.0,1,0.33333333333333337,0
4,ds005284,eegmmidb,S008,data/eegmmidb/S008/S008R08.edf,2,0.36666666666666664,6.0,0,0.6333333333333333,0
4,ds005284,eegmmidb,S008,data/eegmmidb/S008/S008R11.edf,0,0.5666666666666667,6.0,5,0.1333333333333333,0
4,ds005284,eegmmidb,S008,data/eegmmidb/S008/S008R11.edf,2,0.16666666666666666,4.0,3,0.1333333333333333,0
4,ds005284,eegmmidb,S008,data/eegmmidb/S008/S008R11.edf,3,0.13333333333333333,4.0,3,0.1333333333333333,0
4,ds005284,eegmmidb,S008,data/eegmmidb/S008/S008R12.edf,0,0.26666666666666666,4.0,4,0.33333333333333337,0
4,ds005284,eegmmidb,S008,data/eegmmidb/S008/S008R12.edf,2,0.2,4.0,2,0.33333333333333337,0
4,ds005284,eegmmidb,S008,data/eegmmidb/S008/S008R12.edf,3,0.2,4.0,4,0.33333333333333337,0
4,eegmmidb,ds005284,sub-001,data/ds005284/sub-001/eeg/sub-001_task-26ByBiosemi_eeg.bdf,1,0.08333333333333333,4.0,0,0.45833333333333337,34
4,eegmmidb,ds005284,sub-001,data/ds005284/sub-001/eeg/sub-001_task-26ByBiosemi_eeg.bdf,2,0.4583333333333333,4.0,0,0.45833333333333337,34
4,eegmmidb,ds005284,sub-002,data/ds005284/sub-002/eeg/sub-002_task-26ByBiosemi_eeg.bdf,1,0.75,4.0,3,0.08333333333333337,34
4,eegmmidb,ds005284,sub-002,data/ds005284/sub-002/eeg/sub-002_task-26ByBiosemi_eeg.bdf,2,0.125,4.0,0,0.08333333333333337,34
4,eegmmidb,ds005284,sub-002,data/ds005284/sub-002/eeg/sub-002_task-26ByBiosemi_eeg.bdf,3,0.041666666666666664,4.0,0,0.08333333333333337,34
4,eegmmidb,ds005284,sub-003,data/ds005284/sub-003/eeg/sub-003_task-26ByBiosemi_eeg.bdf,1,0.3333333333333333,4.0,0,0.6041666666666667,34
4,eegmmidb,ds005284,sub-003,data/ds005284/sub-003/eeg/sub-003_task-26ByBiosemi_eeg.bdf,2,0.0625,4.0,0,0.6041666666666667,34
4,eegmmidb,ds005284,sub-004,data/ds005284/sub-004/eeg/sub-004_task-26ByBiosemi_eeg.bdf,1,0.125,4.0,0,0.125,33
4,eegmmidb,ds005284,sub-004,data/ds005284/sub-004/eeg/sub-004_task-26ByBiosemi_eeg.bdf,2,0.75,4.0,0,0.125,33
4,eegmmidb,ds005284,sub-005,data/ds005284/sub-005/eeg/sub-005_task-26ByBiosemi_eeg.bdf,1,0.10416666666666667,4.0,1,0.7083333333333333,38
4,eegmmidb,ds005284,sub-005,data/ds005284/sub-005/eeg/sub-005_task-26ByBiosemi_eeg.bdf,2,0.1875,4.0,1,0.7083333333333333,38
4,eegmmidb,ds005284,sub-006,data/ds005284/sub-006/eeg/sub-006_task-26ByBiosemi_eeg.bdf,1,0.8125,4.0,1,0.04166666666666663,34
4,eegmmidb,ds005284,sub-006,data/ds005284/sub-006/eeg/sub-006_task-26ByBiosemi_eeg.bdf,2,0.08333333333333333,4.0,2,0.04166666666666663,34
4,eegmmidb,ds005284,sub-006,data/ds005284/sub-006/eeg/sub-006_task-26ByBiosemi_eeg.bdf,3,0.0625,4.0,0,0.04166666666666663,34
4,eegmmidb,ds005284,sub-007,data/ds005284/sub-007/eeg/sub-007_task-26ByBiosemi_eeg.bdf,1,0.16666666666666666,4.0,1,0.5208333333333333,33
4,eegmmidb,ds005284,sub-007,data/ds005284/sub-007/eeg/sub-007_task-26ByBiosemi_eeg.bdf,2,0.3125,4.0,1,0.5208333333333333,33
4,eegmmidb,ds005284,sub-008,data/ds005284/sub-008/eeg/sub-008_task-26ByBiosemi_eeg.bdf,1,0.4375,4.0,0,0.5416666666666667,34
4,eegmmidb,ds005284,sub-008,data/ds005284/sub-008/eeg/sub-008_task-26ByBiosemi_eeg.bdf,2,0.020833333333333332,4.0,0,0.5416666666666667,34
4,eegmmidb,ds005284,sub-009,data/ds005284/sub-009/eeg/sub-009_task-26ByBiosemi_eeg.bdf,1,0.020833333333333332,4.0,0,0.6666666666666667,35
4,eegmmidb,ds005284,sub-009,data/ds005284/sub-009/eeg/sub-009_task-26ByBiosemi_eeg.bdf,2,0.3125,4.0,0,0.6666666666666667,35
4,eegmmidb,ds005284,sub-010,data/ds005284/sub-010/eeg/sub-010_task-26ByBiosemi_eeg.bdf,1,0.3958333333333333,4.0,0,0.47916666666666663,34
4,eegmmidb,ds005284,sub-010,data/ds005284/sub-010/eeg/sub-010_task-26ByBiosemi_eeg.bdf,2,0.125,4.0,1,0.47916666666666663,34
8,ds005284,eegmmidb,S002,data/eegmmidb/S002/S002R01.edf,0,0.2857142857142857,16.0,0,0.7142857142857143,0
8,ds005284,eegmmidb,S002,data/eegmmidb/S002/S002R07.edf,0,0.06666666666666667,8.0,0,0.9333333333333333,0
8,ds005284,eegmmidb,S004,data/eegmmidb/S004/S004R03.edf,0,0.4666666666666667,8.0,3,0.33333333333333337,0
8,ds005284,eegmmidb,S004,data/eegmmidb/S004/S004R03.edf,2,0.2,8.0,2,0.33333333333333337,0
8,ds005284,eegmmidb,S004,data/eegmmidb/S004/S004R04.edf,0,0.8,8.0,0,0.19999999999999996,0
8,ds005284,eegmmidb,S004,data/eegmmidb/S004/S004R07.edf,0,0.5333333333333333,8.0,4,0.06666666666666665,0
8,ds005284,eegmmidb,S004,data/eegmmidb/S004/S004R07.edf,2,0.4,8.0,5,0.06666666666666665,0
8,ds005284,eegmmidb,S004,data/eegmmidb/S004/S004R08.edf,0,0.9333333333333333,56.0,0,0.06666666666666665,0
8,ds005284,eegmmidb,S004,data/eegmmidb/S004/S004R11.edf,0,0.4,12.0,4,0.19999999999999996,0
8,ds005284,eegmmidb,S004,data/eegmmidb/S004/S004R11.edf,2,0.4,8.0,1,0.19999999999999996,0
8,ds005284,eegmmidb,S004,data/eegmmidb/S004/S004R12.edf,0,0.26666666666666666,8.0,0,0.6666666666666667,0
8,ds005284,eegmmidb,S004,data/eegmmidb/S004/S004R12.edf,2,0.06666666666666667,8.0,0,0.6666666666666667,0
8,ds005284,eegmmidb,S005,data/eegmmidb/S005/S005R04.edf,0,0.06666666666666667,8.0,0,0.9333333333333333,0
8,ds005284,eegmmidb,S005,data/eegmmidb/S005/S005R08.edf,0,0.13333333333333333,8.0,0,0.8666666666666667,0
8,ds005284,eegmmidb,S005,data/eegmmidb/S005/S005R11.edf,0,0.06666666666666667,8.0,0,0.9333333333333333,0
8,ds005284,eegmmidb,S005,data/eegmmidb/S005/S005R12.edf,0,0.26666666666666666,8.0,0,0.7333333333333334,0
8,ds005284,eegmmidb,S006,data/eegmmidb/S006/S006R01.edf,0,1.0,56.0,0,0.0,0
8,ds005284,eegmmidb,S006,data/eegmmidb/S006/S006R03.edf,0,0.6666666666666666,24.0,0,0.33333333333333337,0
8,ds005284,eegmmidb,S006,data/eegmmidb/S006/S006R04.edf,0,0.75,8.0,0,0.25,0
8,ds005284,eegmmidb,S006,data/eegmmidb/S006/S006R07.edf,0,0.16666666666666666,8.0,0,0.8333333333333334,0
8,ds005284,eegmmidb,S006,data/eegmmidb/S006/S006R08.edf,0,0.16666666666666666,8.0,0,0.8333333333333334,0
8,ds005284,eegmmidb,S006,data/eegmmidb/S006/S006R12.edf,0,0.2,8.0,0,0.8,0
8,ds005284,eegmmidb,S007,data/eegmmidb/S007/S007R01.edf,0,0.2,8.0,0,0.8,0
8,ds005284,eegmmidb,S007,data/eegmmidb/S007/S007R03.edf,0,0.5,8.0,0,0.5,0
8,ds005284,eegmmidb,S008,data/eegmmidb/S008/S008R01.edf,0,0.5714285714285714,8.0,0,0.4285714285714286,0
8,ds005284,eegmmidb,S008,data/eegmmidb/S008/S008R02.edf,0,0.14285714285714285,8.0,0,0.8571428571428572,0
8,ds005284,eegmmidb,S008,data/eegmmidb/S008/S008R03.edf,0,0.8,32.0,0,0.19999999999999996,0
8,ds005284,eegmmidb,S008,data/eegmmidb/S008/S008R04.edf,0,0.8666666666666667,40.0,0,0.1333333333333333,0
8,ds005284,eegmmidb,S008,data/eegmmidb/S008/S008R07.edf,0,0.6,16.0,0,0.4,0
8,ds005284,eegmmidb,S008,data/eegmmidb/S008/S008R08.edf,0,0.4,16.0,0,0.6,0
8,ds005284,eegmmidb,S008,data/eegmmidb/S008/S008R11.edf,0,0.6,8.0,3,0.19999999999999996,0
8,ds005284,eegmmidb,S008,data/eegmmidb/S008/S008R11.edf,1,0.06666666666666667,8.0,0,0.19999999999999996,0
8,ds005284,eegmmidb,S008,data/eegmmidb/S008/S008R11.edf,2,0.13333333333333333,8.0,2,0.19999999999999996,0
8,ds005284,eegmmidb,S008,data/eegmmidb/S008/S008R12.edf,0,0.4,8.0,2,0.4,0
8,ds005284,eegmmidb,S008,data/eegmmidb/S008/S008R12.edf,1,0.06666666666666667,8.0,0,0.4,0
8,ds005284,eegmmidb,S008,data/eegmmidb/S008/S008R12.edf,2,0.13333333333333333,8.0,1,0.4,0
8,eegmmidb,ds005284,sub-001,data/ds005284/sub-001/eeg/sub-001_task-26ByBiosemi_eeg.bdf,0,0.04878048780487805,8.0,2,0.19512195121951215,0
8,eegmmidb,ds005284,sub-001,data/ds005284/sub-001/eeg/sub-001_task-26ByBiosemi_eeg.bdf,1,0.7560975609756098,32.0,2,0.19512195121951215,0
8,eegmmidb,ds005284,sub-002,data/ds005284/sub-002/eeg/sub-002_task-26ByBiosemi_eeg.bdf,1,1.0,328.0,0,0.0,0
8,eegmmidb,ds005284,sub-003,data/ds005284/sub-003/eeg/sub-003_task-26ByBiosemi_eeg.bdf,1,0.5365853658536586,8.0,0,0.46341463414634143,0
8,eegmmidb,ds005284,sub-004,data/ds005284/sub-004/eeg/sub-004_task-26ByBiosemi_eeg.bdf,1,0.975,156.0,0,0.025000000000000022,0
8,eegmmidb,ds005284,sub-005,data/ds005284/sub-005/eeg/sub-005_task-26ByBiosemi_eeg.bdf,0,0.023255813953488372,8.0,1,0.7674418604651163,0
8,eegmmidb,ds005284,sub-005,data/ds005284/sub-005/eeg/sub-005_task-26ByBiosemi_eeg.bdf,1,0.20930232558139536,8.0,0,0.7674418604651163,0
8,eegmmidb,ds005284,sub-006,data/ds005284/sub-006/eeg/sub-006_task-26ByBiosemi_eeg.bdf,1,1.0,328.0,0,0.0,0
8,eegmmidb,ds005284,sub-007,data/ds005284/sub-007/eeg/sub-007_task-26ByBiosemi_eeg.bdf,1,0.8,24.0,0,0.19999999999999996,0
8,eegmmidb,ds005284,sub-008,data/ds005284/sub-008/eeg/sub-008_task-26ByBiosemi_eeg.bdf,1,0.8780487804878049,48.0,0,0.12195121951219512,0
8,eegmmidb,ds005284,sub-009,data/ds005284/sub-009/eeg/sub-009_task-26ByBiosemi_eeg.bdf,1,0.34146341463414637,8.0,0,0.6585365853658536,0
8,eegmmidb,ds005284,sub-010,data/ds005284/sub-010/eeg/sub-010_task-26ByBiosemi_eeg.bdf,0,0.43902439024390244,8.0,6,0.19512195121951215,0
8,eegmmidb,ds005284,sub-010,data/ds005284/sub-010/eeg/sub-010_task-26ByBiosemi_eeg.bdf,1,0.36585365853658536,8.0,4,0.19512195121951215,0
