fold,held_out_subject,n_test_intervals,epochs_trained,best_validation_loss,accuracy,balanced_accuracy,macro_f1,mae_joules,rmse_joules,within_0.25_joules
1,ds005280__sub-001,28,28,1.6801517009735107,0.17857142857142858,0.19230769230769232,0.07407407407407407,0.26339063474110197,0.3136487209337931,0.5
2,ds005280__sub-002,25,6,1.9671348333358765,0.04,0.041666666666666664,0.03571428571428571,0.6444483852386474,0.6860249874363323,0.0
3,ds005280__sub-003,25,9,2.064160108566284,0.04,0.03571428571428571,0.029411764705882353,0.5182884502410888,0.5691767591058103,0.04
4,ds005280__sub-004,27,13,2.012887716293335,0.5185185185185185,0.5,0.34146341463414637,0.22710375432614927,0.2612379603348972,0.5555555555555556
5,ds005280__sub-005,27,30,1.7698863744735718,0.4074074074074074,0.4230769230769231,0.1929824561403509,0.2887509752202917,0.3542624820573263,0.5185185185185185
6,ds005280__sub-006,30,25,1.8177024126052856,0.5666666666666667,0.5666666666666667,0.2416666666666667,0.2874623378117879,0.367829420833551,0.5333333333333333
7,ds005280__sub-007,28,10,2.066988945007324,0.0,0.0,0.0,0.22809646810804093,0.266344342259648,0.6071428571428571
8,ds005280__sub-008,30,30,1.6780343055725098,0.06666666666666667,0.06666666666666667,0.028985507246376812,0.31610086758931477,0.3911936359668252,0.4666666666666667
9,ds005280__sub-009,27,17,1.921498417854309,0.3333333333333333,0.34065934065934067,0.21467391304347827,0.25201986454151293,0.3135093999528596,0.6296296296296297
10,ds005280__sub-010,26,27,1.8316490650177002,0.5769230769230769,0.5363636363636364,0.3686274509803922,0.2604869329012357,0.34233553347211887,0.5769230769230769
11,ds005280__sub-011,30,7,2.092362403869629,0.13333333333333333,0.13333333333333333,0.06153846153846154,0.5299402952194214,0.5873270887871086,0.06666666666666667
12,ds005280__sub-012,30,7,2.068181276321411,0.13333333333333333,0.13333333333333333,0.09523809523809523,0.5445368766784668,0.6026073623081148,0.03333333333333333
13,ds005280__sub-013,30,14,2.040762186050415,0.3,0.3,0.1323529411764706,0.24874467849731446,0.27243980407215523,0.5
14,ds005280__sub-014,28,8,2.0800013542175293,0.0,0.0,0.0,0.2555155839238848,0.2689030615669843,0.5
15,ds005280__sub-015,30,10,2.0403544902801514,0.0,0.0,0.0,0.23501809438069662,0.26469455892084365,0.5666666666666667
16,ds005280__sub-016,26,21,1.9202659130096436,0.15384615384615385,0.16666666666666666,0.07272727272727272,0.2388721887881939,0.3208293057370306,0.5384615384615384
17,ds005280__sub-017,28,17,1.9081945419311523,0.35714285714285715,0.38461538461538464,0.13513513513513514,0.3202661871910095,0.39644885662600915,0.39285714285714285
18,ds005280__sub-018,30,11,1.9975461959838867,0.26666666666666666,0.26666666666666666,0.09600925390399075,0.6055860042572021,0.6811678461766818,0.13333333333333333
19,ds005280__sub-019,26,20,1.900658369064331,0.0,0.0,0.0,0.40506845254164475,0.4806364504555414,0.38461538461538464
20,ds005280__sub-020,28,8,2.0526938438415527,0.07142857142857142,0.07692307692307693,0.05,0.23774384600775583,0.25509490538865065,0.5
21,ds005280__sub-021,30,6,2.0048441886901855,0.0,0.0,0.0,0.2875053485234578,0.3493488387107252,0.5
22,ds005280__sub-022,29,14,1.9733245372772217,0.1724137931034483,0.17857142857142858,0.08620689655172414,0.24931568934999662,0.28067269958470503,0.5172413793103449
23,ds005280__sub-023,28,9,2.089292287826538,0.03571428571428571,0.03571428571428571,0.03333333333333333,0.5377870627811977,0.5863990326249842,0.17857142857142858
24,ds005280__sub-024,25,8,2.0364222526550293,0.16,0.16025641025641024,0.09444444444444444,0.20414457321166993,0.24150102851113717,0.64
25,ds005280__sub-025,28,14,2.0317511558532715,0.03571428571428571,0.038461538461538464,0.023529411764705882,0.2779394047600882,0.3542045595008,0.5357142857142857
26,ds005280__sub-026,30,14,1.951703667640686,0.0,0.0,0.0,0.22729940414428712,0.25111110691658606,0.6333333333333333
27,ds005280__sub-027,28,14,2.01708722114563,0.07142857142857142,0.07142857142857142,0.05,0.2077034286090306,0.25368385503993846,0.6785714285714286
28,ds005280__sub-028,30,9,2.014251947402954,0.06666666666666667,0.06666666666666667,0.034782608695652174,0.24191824595133463,0.27036199149465384,0.5333333333333333
29,ds005280__sub-029,29,11,1.9982283115386963,0.4827586206896552,0.5,0.32558139534883723,0.4394752897065261,0.4996190331290677,0.4482758620689655
30,ds005280__sub-030,30,20,1.889560580253601,0.06666666666666667,0.06666666666666667,0.03636363636363636,0.2627629597981771,0.3167871156967304,0.5
31,ds005280__sub-031,23,12,2.0337395668029785,0.0,0.0,0.0,0.37055918444757874,0.47988323774666664,0.43478260869565216
32,ds005280__sub-032,29,20,1.841920256614685,0.41379310344827586,0.40238095238095234,0.11871345029239766,0.27026883487043707,0.3201842491796104,0.5172413793103449
33,ds005280__sub-033,30,19,1.921888828277588,0.0,0.0,0.0,0.2878899335861206,0.34768874619350143,0.4666666666666667
34,ds005280__sub-034,28,11,2.0676498413085938,0.14285714285714285,0.14285714285714285,0.08982456140350877,0.20129810912268503,0.251944070466233,0.6071428571428571
35,ds005280__sub-035,30,6,2.0733532905578613,0.26666666666666666,0.26666666666666666,0.17204301075268816,0.2585155963897705,0.28701179717585446,0.5
36,ds005280__sub-036,30,7,2.199646472930908,0.0,0.0,0.0,0.231304136912028,0.2915684353894081,0.5333333333333333
37,ds005280__sub-037,30,14,1.9944480657577515,0.2,0.2,0.08275862068965517,0.33234004974365233,0.3944986002719357,0.36666666666666664
38,ds005280__sub-038,30,16,1.9640425443649292,0.1,0.1,0.05217391304347826,0.22826858361562094,0.28406011168571166,0.5666666666666667
39,ds005280__sub-039,30,22,1.767499327659607,0.06666666666666667,0.06666666666666667,0.034782608695652174,0.4024991273880005,0.4719850231233167,0.26666666666666666
40,ds005280__sub-040,30,30,1.7113428115844727,0.06666666666666667,0.06666666666666667,0.04044117647058824,0.30757086277008056,0.38607581288766063,0.5333333333333333
41,ds005280__sub-041,25,10,2.064039468765259,0.0,0.0,0.0,0.22466402053833007,0.2529091366547575,0.68
42,ds005280__sub-042,25,30,1.7602189779281616,0.0,0.0,0.0,0.42472339630126954,0.48417155798916217,0.36
43,ds005280__sub-043,27,13,1.9782980680465698,0.14814814814814814,0.15109890109890112,0.1015151515151515,0.23383334830955224,0.27755134465432024,0.5555555555555556
44,ds005280__sub-044,25,7,2.0729522705078125,0.4,0.45454545454545453,0.16129032258064516,0.21979284286499023,0.24954898336557152,0.64
45,ds005280__sub-045,30,30,1.7547212839126587,0.16666666666666666,0.16666666666666669,0.07769423558897241,0.6495490709940592,0.748841030761084,0.2
46,ds005280__sub-046,29,24,1.821774959564209,0.0,0.0,0.0,0.3400993676021181,0.4232537566963966,0.4482758620689655
47,ds005280__sub-047,28,6,2.036524772644043,0.0,0.0,0.0,0.24067091941833496,0.26277614776828634,0.5714285714285714
48,ds005280__sub-048,28,14,1.9609326124191284,0.0,0.0,0.0,0.3280588218144008,0.39129723460260807,0.42857142857142855
49,ds005280__sub-049,30,16,1.9089813232421875,0.4666666666666667,0.4666666666666667,0.20903225806451614,0.423602565129598,0.5098526261157073,0.36666666666666664
50,ds005280__sub-050,30,13,1.9818066358566284,0.26666666666666666,0.26666666666666666,0.12698412698412698,0.46336063543955486,0.5360426638997404,0.3
51,ds005280__sub-051,27,21,2.0045342445373535,0.14814814814814814,0.14285714285714285,0.05442176870748299,0.26311734870628073,0.3314298271198541,0.5185185185185185
52,ds005280__sub-052,26,24,1.7730307579040527,0.15384615384615385,0.1607142857142857,0.05800653594771242,0.27145721362187314,0.33773931666534307,0.5384615384615384
53,ds005280__sub-053,28,10,2.0175840854644775,0.10714285714285714,0.11538461538461539,0.05454545454545454,0.22329526288168772,0.27276256198657883,0.5714285714285714
54,ds005280__sub-054,30,6,1.9990980625152588,0.0,0.0,0.0,0.2971118609110514,0.39504456720059056,0.5
55,ds005280__sub-055,30,17,1.95638906955719,0.0,0.0,0.0,0.2764535109202067,0.3311759495104892,0.5
56,ds005280__sub-056,29,20,1.9038763046264648,0.0,0.0,0.0,0.25243111314444705,0.3133653869052394,0.6551724137931034
57,ds005280__sub-057,23,8,2.0855722427368164,0.13043478260869565,0.1875,0.09230769230769231,0.4272800632145094,0.4702060815113483,0.08695652173913043
58,ds005280__sub-058,24,18,1.8590881824493408,0.25,0.25,0.15384615384615385,0.266051451365153,0.34212713322286215,0.5416666666666666
59,ds005280__sub-059,23,21,1.8918312788009644,0.4782608695652174,0.4962121212121212,0.19975186104218362,0.597979794377866,0.6632749206436201,0.08695652173913043
60,ds005280__sub-060,27,13,2.045114278793335,0.0,0.0,0.0,0.2707050641377767,0.3569896057701228,0.5925925925925926
61,ds005280__sub-061,30,15,2.0179409980773926,0.16666666666666666,0.16666666666666666,0.06666666666666667,0.5057639519373576,0.5675087905050158,0.16666666666666666
62,ds005280__sub-062,29,16,1.9872878789901733,0.5172413793103449,0.5047619047619047,0.3006535947712418,0.4704755585769127,0.5391769894878353,0.20689655172413793
63,ds005280__sub-063,23,16,1.9632385969161987,0.0,0.0,0.0,0.46263540309408435,0.5464347604566656,0.34782608695652173
64,ds005280__sub-064,28,19,1.8689978122711182,0.5,0.5,0.29229323308270677,0.4011497838156564,0.4566054965241652,0.25
65,ds005280__sub-065,28,19,1.933433175086975,0.6071428571428571,0.6071428571428572,0.561877667140825,0.2866208383015224,0.37534984885940836,0.6071428571428571
66,ds005280__sub-066,30,14,1.9786914587020874,0.43333333333333335,0.43333333333333335,0.3094017094017094,0.26043954690297444,0.2922237419417374,0.5
67,ds005280__sub-067,26,30,1.7359720468521118,0.0,0.0,0.0,0.837218165397644,0.8796073649234211,0.0
68,ds005280__sub-068,25,9,2.0399911403656006,0.44,0.4583333333333333,0.3055555555555556,0.4826785469055176,0.5348959471241497,0.04
69,ds005280__sub-069,30,14,2.0215115547180176,0.23333333333333334,0.23333333333333334,0.13934837092731828,0.6178365866343181,0.6834512864926897,0.06666666666666667
70,ds005280__sub-070,25,12,2.028815269470215,0.04,0.041666666666666664,0.025,0.635553913116455,0.6842742680420676,0.04
71,ds005280__sub-071,30,30,1.706612229347229,0.2,0.2,0.0625,0.3160768826802572,0.4062081714591542,0.5333333333333333
72,ds005280__sub-072,26,17,1.948525071144104,0.3076923076923077,0.2916666666666667,0.12008113590263692,0.25973969239455,0.31026704039047326,0.6153846153846154
73,ds005280__sub-073,30,10,2.0155389308929443,0.1,0.1,0.08660130718954248,0.5333765506744385,0.587235622738272,0.06666666666666667
74,ds005280__sub-074,29,21,1.90630304813385,0.6206896551724138,0.6071428571428571,0.5423242467718795,0.24191606455835804,0.30117015231487776,0.5172413793103449
75,ds005280__sub-075,27,11,2.0003743171691895,0.2222222222222222,0.21703296703296704,0.13994565217391303,0.24700079140839754,0.2696960103690438,0.6296296296296297
76,ds005280__sub-076,24,14,2.070977210998535,0.25,0.3333333333333333,0.10344827586206896,0.2653722862402598,0.30805724516195226,0.4166666666666667
77,ds005280__sub-077,24,20,1.9572620391845703,0.16666666666666666,0.18571428571428572,0.07485380116959063,0.4279387990633647,0.5440638578652388,0.3333333333333333
78,ds005280__sub-078,30,16,1.8933496475219727,0.03333333333333333,0.03333333333333333,0.018518518518518517,0.33254708449045817,0.3854142410933867,0.4
79,ds005280__sub-079,30,9,2.0445117950439453,0.0,0.0,0.0,0.563413659731547,0.623427268646746,0.03333333333333333
80,ds005280__sub-080,20,8,2.0589206218719482,0.1,0.10416666666666666,0.04795204795204795,0.5567831635475159,0.6359861355918082,0.2
81,ds005280__sub-081,29,26,1.8147499561309814,0.27586206896551724,0.26904761904761904,0.11057692307692307,0.3591073052636508,0.4567046326696948,0.4482758620689655
82,ds005280__sub-082,30,20,1.819015383720398,0.4666666666666667,0.4666666666666667,0.17857142857142858,0.40595255692799886,0.49292067624916586,0.3333333333333333
83,ds005280__sub-083,24,14,1.9935636520385742,0.5833333333333334,0.6013986013986015,0.39947089947089953,0.25361117720603943,0.3024490611907559,0.5416666666666666
84,ds005280__sub-084,29,6,2.0673716068267822,0.0,0.0,0.0,0.7591704746772503,0.8106700175940054,0.0
85,ds005280__sub-085,30,18,1.9772979021072388,0.06666666666666667,0.06666666666666667,0.0625,0.6363159974416097,0.7038874738964193,0.13333333333333333
86,ds005280__sub-086,21,27,1.6776187419891357,0.6666666666666666,0.6111111111111112,0.3878787878787879,0.23150224912734257,0.31326763218310527,0.5714285714285714
87,ds005280__sub-087,29,14,1.9463762044906616,0.3793103448275862,0.369047619047619,0.125,0.23217230829699287,0.27467657588112143,0.6206896551724138
88,ds005280__sub-088,26,26,1.6019843816757202,0.46153846153846156,0.46153846153846156,0.21621621621621623,0.2435016265282264,0.2748279432695133,0.5384615384615384
89,ds005280__sub-089,30,24,1.7987617254257202,0.3333333333333333,0.33333333333333337,0.18528138528138527,0.41228589216868083,0.47932416027481095,0.26666666666666666
90,ds005280__sub-090,30,18,1.8354588747024536,0.4,0.4,0.17279102384291725,0.3072821855545044,0.3698612769179132,0.43333333333333335
91,ds005280__sub-091,27,28,1.7469983100891113,0.5925925925925926,0.575,0.5714285714285714,0.25886661918075,0.3278448485314429,0.5925925925925926
92,ds005280__sub-092,30,8,2.0969748497009277,0.0,0.0,0.0,0.5038052082061768,0.5606581168664466,0.06666666666666667
93,ds005280__sub-093,30,27,1.7566187381744385,0.36666666666666664,0.36666666666666664,0.16057347670250896,0.4117313543955485,0.4906513736354625,0.3
94,ds005280__sub-094,30,15,1.9888116121292114,0.13333333333333333,0.13333333333333333,0.08421052631578947,0.5334067821502686,0.5942444749346231,0.3
95,ds005280__sub-095,19,12,2.0607857704162598,0.42105263157894735,0.35256410256410253,0.15644444444444444,0.24629739711159154,0.3320585568029501,0.5263157894736842
96,ds005280__sub-096,29,11,2.032061815261841,0.13793103448275862,0.1380952380952381,0.08088235294117647,0.605424872760115,0.6627585316665885,0.034482758620689655
97,ds005280__sub-097,27,11,2.072316884994507,0.037037037037037035,0.041666666666666664,0.023809523809523808,0.22979074054294163,0.25111812982269816,0.5925925925925926
98,ds005280__sub-098,22,26,1.8949003219604492,0.5,0.5,0.23655913978494625,0.3710725415836681,0.4566089056897871,0.5
99,ds005280__sub-099,25,10,2.034534215927124,0.28,0.26666666666666666,0.15362318840579708,0.6098927211761475,0.6574098917542204,0.04
100,ds005280__sub-100,30,13,1.9998011589050293,0.3,0.3,0.10588235294117647,0.2116132418314616,0.27196501488851554,0.6333333333333333
101,ds005280__sub-101,29,9,2.035200357437134,0.034482758620689655,0.03333333333333333,0.017857142857142856,0.5898711270299452,0.6525788106507754,0.10344827586206896
102,ds005280__sub-102,28,13,2.073786735534668,0.35714285714285715,0.35714285714285715,0.2,0.25827544927597046,0.27507299063956786,0.42857142857142855
103,ds005280__sub-103,28,25,1.9160048961639404,0.32142857142857145,0.32564102564102565,0.13233082706766916,0.34140729904174805,0.44152886486758497,0.4642857142857143
104,ds005280__sub-104,30,24,1.7405970096588135,0.5,0.5,0.2636476426799007,0.3903874238332113,0.5168180522284652,0.43333333333333335
105,ds005280__sub-105,30,9,2.0299689769744873,0.13333333333333333,0.13333333333333333,0.07017543859649122,0.5908312559127807,0.6437228021528502,0.03333333333333333
106,ds005280__sub-106,30,8,2.0439703464508057,0.2,0.2,0.11538461538461539,0.5659434954325359,0.6187062548300795,0.03333333333333333
107,ds005280__sub-107,25,24,1.9038375616073608,0.6,0.5551948051948052,0.3433048433048433,0.26609560012817385,0.35336334995699237,0.56
108,ds005280__sub-108,24,13,2.0112764835357666,0.16666666666666666,0.17482517482517482,0.09915966386554623,0.53852778673172,0.5977791562537393,0.125
109,ds005280__sub-109,28,7,2.0650925636291504,0.07142857142857142,0.07142857142857142,0.03508771929824561,0.24037436928067887,0.25632379495673524,0.5714285714285714
110,ds005280__sub-110,30,13,1.9919631481170654,0.0,0.0,0.0,0.2568809588750203,0.3085792627356925,0.5
111,ds005280__sub-111,30,15,2.014813184738159,0.36666666666666664,0.36666666666666664,0.13243378310844578,0.23758901755015055,0.28690592270421744,0.5
112,ds005280__sub-112,30,13,2.0191173553466797,0.26666666666666666,0.26666666666666666,0.12903225806451613,0.49488805135091146,0.5498811414480564,0.23333333333333334
113,ds005280__sub-113,28,27,1.9052437543869019,0.5,0.49230769230769234,0.2333333333333333,0.24766055175236293,0.28800330457002077,0.5714285714285714
114,ds005280__sub-114,30,17,2.0477426052093506,0.3,0.3,0.15,0.3029840628306071,0.3698543797252529,0.4
115,ds005280__sub-115,29,22,1.862554669380188,0.4482758620689655,0.4571428571428572,0.21428571428571427,0.3059533957777352,0.39571320479231054,0.4827586206896552
116,ds005280__sub-116,30,21,1.8265293836593628,0.3333333333333333,0.3333333333333333,0.22348484848484848,0.445668363571167,0.5014385201766578,0.3333333333333333
117,ds005280__sub-117,30,8,2.0011558532714844,0.0,0.0,0.0,0.5798709551493327,0.6352177506448683,0.03333333333333333
118,ds005280__sub-118,29,7,2.0887160301208496,0.3793103448275862,0.37142857142857144,0.19518716577540107,0.5519660752395104,0.607951068219624,0.034482758620689655
119,ds005280__sub-119,30,17,1.863335132598877,0.1,0.1,0.06818181818181818,0.2907723585764567,0.3794050005380739,0.5
120,ds005280__sub-120,30,27,1.7510244846343994,0.23333333333333334,0.23333333333333334,0.13968253968253969,0.6438023567199707,0.7555798412880774,0.26666666666666666
121,ds005280__sub-121,27,15,1.9714992046356201,0.4074074074074074,0.40384615384615385,0.225,0.21899421126754195,0.29490066885670835,0.5925925925925926
122,ds005280__sub-122,25,30,1.9012832641601562,0.2,0.21666666666666667,0.09586056644880174,0.8034554386138916,1.02912408173386,0.28
123,ds005280__sub-123,30,18,1.8908889293670654,0.5333333333333333,0.5333333333333333,0.3006535947712418,0.3897773822148641,0.4558990446468866,0.36666666666666664
124,ds005280__sub-124,30,21,1.9191557168960571,0.4666666666666667,0.4666666666666667,0.1905555555555556,0.3883436838785807,0.4598546284937336,0.3333333333333333
125,ds005280__sub-125,21,7,2.0750608444213867,0.14285714285714285,0.14545454545454545,0.15079365079365079,0.5788271767752511,0.6386406281916083,0.047619047619047616
126,ds005280__sub-126,26,26,1.8007559776306152,0.5384615384615384,0.5476190476190476,0.2370909090909091,0.2232219806084266,0.2718440836186175,0.6538461538461539
127,ds005280__sub-127,28,17,1.800829291343689,0.6428571428571429,0.6666666666666666,0.6111111111111112,0.3280072808265686,0.39702326144525185,0.39285714285714285
128,ds005280__sub-128,30,26,1.8462013006210327,0.5333333333333333,0.5333333333333333,0.25,0.25717787742614745,0.3298183769570301,0.4666666666666667
129,ds005280__sub-129,30,10,2.0545151233673096,0.1,0.1,0.06666666666666667,0.5801017999649047,0.6367293679864523,0.03333333333333333
130,ds005280__sub-130,28,16,1.9006173610687256,0.4642857142857143,0.46428571428571425,0.18717948717948718,0.2468794584274292,0.2937710368147754,0.5
131,ds005280__sub-131,30,26,1.8441022634506226,0.26666666666666666,0.26666666666666666,0.10725308641975308,0.6262239297231038,0.7366260415692936,0.2
132,ds005280__sub-132,30,8,2.0444250106811523,0.2,0.2,0.12,0.5908463954925537,0.6404585207591588,0.03333333333333333
133,ds005280__sub-133,30,29,1.751503586769104,0.03333333333333333,0.03333333333333333,0.03333333333333333,0.4105382442474365,0.471408216898847,0.4666666666666667
134,ds005280__sub-134,30,6,2.066403388977051,0.0,0.0,0.0,0.7018592119216919,0.7545341221542948,0.03333333333333333
135,ds005280__sub-135,30,12,2.0231165885925293,0.3,0.3,0.1323529411764706,0.2632644017537435,0.3019076178422726,0.5
136,ds005280__sub-136,26,17,1.8632891178131104,0.0,0.0,0.0,0.24350633071019098,0.2711283804304206,0.5769230769230769
137,ds005280__sub-137,28,30,1.613630771636963,0.39285714285714285,0.382051282051282,0.16982456140350877,0.29420978682381765,0.31576969051507264,0.35714285714285715
138,ds005280__sub-138,26,8,2.0662245750427246,0.11538461538461539,0.11904761904761904,0.06984126984126983,0.53740106179164,0.5932863136872447,0.038461538461538464
139,ds005280__sub-139,26,17,1.9313677549362183,0.23076923076923078,0.2606060606060606,0.15625,0.25103410390707165,0.3142370611910587,0.6153846153846154
140,ds005280__sub-140,19,24,1.944245457649231,0.5789473684210527,0.5833333333333333,0.418859649122807,0.25285979321128443,0.3055217226963377,0.5789473684210527
141,ds005280__sub-141,28,19,1.9452171325683594,0.42857142857142855,0.4285714285714286,0.24326599326599324,0.34399908781051636,0.4224300859868548,0.42857142857142855
142,ds005280__sub-142,29,8,2.0316321849823,0.2413793103448276,0.25,0.09333333333333334,0.526639486181325,0.582734571203542,0.06896551724137931
143,ds005280__sub-143,29,8,1.9987508058547974,0.0,0.0,0.0,0.6142250669413599,0.6628390511323158,0.034482758620689655
144,ds005280__sub-144,30,26,1.8650532960891724,0.5666666666666667,0.5666666666666667,0.3950617283950617,0.23607344627380372,0.3032011883320512,0.5
145,ds005280__sub-145,30,29,1.9035619497299194,0.3333333333333333,0.33333333333333337,0.15,0.3556004603703817,0.43286919435884125,0.43333333333333335
146,ds005280__sub-146,29,30,1.9161303043365479,0.4827586206896552,0.4857142857142857,0.22800000000000004,0.31608954791364996,0.445317418402758,0.5517241379310345
147,ds005280__sub-147,29,9,2.0801548957824707,0.06896551724137931,0.07142857142857142,0.05,0.6875042750917632,0.7347677814957607,0.034482758620689655
148,ds005280__sub-148,30,19,1.9953186511993408,0.6,0.6,0.55,0.23240094979604084,0.286950708304694,0.6
149,ds005280__sub-149,28,23,1.9806184768676758,0.6428571428571429,0.6428571428571428,0.4148148148148148,0.3584185923848833,0.43236105222321,0.35714285714285715
150,ds005280__sub-150,24,22,1.826782464981079,0.6666666666666666,0.6433566433566433,0.625,0.23456597328186035,0.31788427890806026,0.5833333333333334
151,ds005280__sub-151,30,19,1.926235556602478,0.4,0.39999999999999997,0.19548872180451127,0.2692034403483073,0.31220169915180507,0.5
152,ds005280__sub-152,30,13,1.9760257005691528,0.4,0.4,0.14634146341463414,0.2679073015848796,0.311426221481965,0.43333333333333335
153,ds005280__sub-153,30,17,1.9486058950424194,0.5,0.5,0.23289473684210527,0.24745123386383056,0.31548823458554237,0.5
154,ds005280__sub-154,27,9,2.044037342071533,0.5185185185185185,0.5,0.34146341463414637,0.5586421842928286,0.6076303992997079,0.037037037037037035
155,ds005280__sub-155,27,8,2.0681705474853516,0.0,0.0,0.0,0.5885276794433594,0.6347658454843625,0.037037037037037035
156,ds005280__sub-156,30,19,1.9729872941970825,0.3333333333333333,0.3333333333333333,0.1851851851851852,0.2793992280960083,0.33305356010590104,0.4666666666666667
157,ds005280__sub-157,30,15,1.9151921272277832,0.36666666666666664,0.36666666666666664,0.1375,0.2574239174524943,0.31882819582715527,0.5333333333333333
158,ds005280__sub-158,24,24,1.8720091581344604,0.041666666666666664,0.045454545454545456,0.027777777777777776,0.5969327688217163,0.6961960402195195,0.20833333333333334
159,ds005280__sub-159,30,28,1.708333969116211,0.4666666666666667,0.4666666666666667,0.2170542635658915,0.2262439250946045,0.25276908626166605,0.5333333333333333
160,ds005280__sub-160,30,6,2.0417263507843018,0.23333333333333334,0.23333333333333334,0.14814814814814814,0.6165883779525757,0.6659842666655891,0.03333333333333333
161,ds005280__sub-161,30,30,1.6752926111221313,0.2,0.2,0.14814814814814814,0.35956164201100665,0.4236049575107849,0.43333333333333335
162,ds005280__sub-162,29,27,1.7767609357833862,0.5862068965517241,0.5904761904761905,0.30128205128205127,0.2029563887365933,0.26955143944434257,0.6551724137931034
163,ds005280__sub-163,30,26,1.9073152542114258,0.43333333333333335,0.43333333333333335,0.2265151515151515,0.4444922208786011,0.624666083470149,0.5
164,ds005280__sub-164,28,28,1.6876583099365234,0.6071428571428571,0.6071428571428572,0.40888888888888886,0.23455509117671422,0.28662119596172064,0.5
165,ds005280__sub-165,30,12,2.02691912651062,0.13333333333333333,0.13333333333333333,0.08,0.454714035987854,0.516595497413236,0.3
166,ds005280__sub-166,26,7,2.0829246044158936,0.038461538461538464,0.045454545454545456,0.025,0.42158468870016247,0.48856167811581713,0.3076923076923077
167,ds005280__sub-167,30,30,1.72804856300354,0.26666666666666666,0.26666666666666666,0.16993464052287582,0.3343538761138916,0.41434165554537183,0.5
168,ds005280__sub-168,28,25,1.8386238813400269,0.17857142857142858,0.18717948717948718,0.09456521739130434,0.47204822301864624,0.5699908350873939,0.21428571428571427
169,ds005280__sub-169,26,8,2.1396939754486084,0.3076923076923077,0.3076923076923077,0.14285714285714285,0.2634762617257925,0.3508757273342181,0.5
170,ds005280__sub-170,28,13,2.045388698577881,0.5357142857142857,0.5357142857142857,0.28376068376068375,0.43335777521133423,0.49750092677656454,0.32142857142857145
171,ds005280__sub-171,30,11,2.027390241622925,0.13333333333333333,0.13333333333333333,0.1,0.23159626324971516,0.28210303691409616,0.5333333333333333
172,ds005280__sub-172,28,30,1.912035584449768,0.2857142857142857,0.28717948717948716,0.20050125313283207,0.2889346310070583,0.35052190886045564,0.4642857142857143
173,ds005280__sub-173,21,19,1.8567148447036743,0.047619047619047616,0.041666666666666664,0.03076923076923077,0.6849010785420736,0.746376490924419,0.047619047619047616
174,ds005280__sub-174,28,22,1.890446424484253,0.6071428571428571,0.6071428571428572,0.4202298850574713,0.2316430381366185,0.2511208643577666,0.5714285714285714
175,ds005280__sub-175,27,21,1.889909029006958,0.3333333333333333,0.36666666666666664,0.1353448275862069,0.32342877211394133,0.4014660390229989,0.4444444444444444
176,ds005280__sub-176,27,17,1.9470990896224976,0.37037037037037035,0.3791208791208791,0.17013574660633485,0.4242313791204382,0.4875564545875299,0.3333333333333333
177,ds005280__sub-177,28,9,2.0338692665100098,0.10714285714285714,0.11538461538461539,0.07058823529411765,0.21445296491895402,0.2693951071354322,0.5714285714285714
178,ds005280__sub-178,29,9,2.0995922088623047,0.034482758620689655,0.03571428571428571,0.019047619047619046,0.5770582001784752,0.6313636298144486,0.034482758620689655
179,ds005280__sub-179,30,8,2.059645891189575,0.43333333333333335,0.43333333333333335,0.27097902097902093,0.5783247629801432,0.6327477017744079,0.03333333333333333
180,ds005280__sub-180,30,30,1.7539968490600586,0.5666666666666667,0.5666666666666667,0.5238095238095237,0.29444793860117596,0.3752131922677301,0.5333333333333333
181,ds005280__sub-181,30,11,2.045257091522217,0.5,0.5,0.3387096774193548,0.5591301600138346,0.6141685666535727,0.03333333333333333
182,ds005280__sub-182,30,18,1.9253804683685303,0.03333333333333333,0.03333333333333333,0.023529411764705882,0.24476895332336426,0.31021438513671235,0.6333333333333333
183,ds005280__sub-183,28,17,1.9251655340194702,0.4642857142857143,0.4642857142857143,0.21138211382113822,0.2380442704473223,0.2581449013096674,0.5
184,ds005280__sub-184,30,14,1.9623292684555054,0.6,0.6000000000000001,0.41633728590250324,0.2726380666097005,0.3589895878123292,0.5
185,ds005280__sub-185,30,26,1.7261937856674194,0.6,0.6,0.2613756613756614,0.2498928705851237,0.2922518567054663,0.6333333333333333
186,ds005280__sub-186,30,7,2.164057731628418,0.06666666666666667,0.06666666666666667,0.04444444444444444,0.6064911842346191,0.6603396377017794,0.03333333333333333
187,ds005280__sub-187,27,25,1.7495906352996826,0.48148148148148145,0.4697802197802198,0.2238095238095238,0.2744840780893962,0.3479837734961548,0.48148148148148145
188,ds005280__sub-188,29,14,1.934961199760437,0.0,0.0,0.0,0.24850158033699826,0.29577365137195494,0.5172413793103449
189,ds005280__sub-189,30,8,2.013763904571533,0.06666666666666667,0.06666666666666667,0.04,0.23466180165608724,0.3263832066825379,0.5666666666666667
190,ds005280__sub-190,24,20,1.9378045797348022,0.041666666666666664,0.045454545454545456,0.044444444444444446,0.32124026616414386,0.38465444509169394,0.4166666666666667
191,ds005280__sub-191,28,10,2.0041050910949707,0.14285714285714285,0.13333333333333333,0.13333333333333333,0.2592921682766506,0.335314478920119,0.5
192,ds005280__sub-192,29,15,1.98530912399292,0.06896551724137931,0.06904761904761905,0.03670634920634921,0.353630674296412,0.4038372234945652,0.3448275862068966
193,ds005280__sub-193,28,8,2.0533201694488525,0.25,0.25,0.15833333333333333,0.5086753708975655,0.5665566683308525,0.25
194,ds005280__sub-194,28,15,1.9969751834869385,0.42857142857142855,0.42857142857142855,0.19999999999999998,0.2874810610498701,0.37271501029318177,0.4642857142857143
195,ds005280__sub-195,30,17,1.8146717548370361,0.43333333333333335,0.43333333333333335,0.2321589882565492,0.28169110616048176,0.3567436190394503,0.5
196,ds005280__sub-196,30,8,2.0741994380950928,0.06666666666666667,0.06666666666666667,0.058823529411764705,0.6266435384750366,0.6766791659863742,0.03333333333333333
197,ds005280__sub-197,25,11,2.0324995517730713,0.16,0.16666666666666666,0.08333333333333333,0.5112664604187012,0.5695818479297203,0.16
198,ds005280__sub-198,30,21,1.913421630859375,0.13333333333333333,0.13333333333333333,0.11458333333333333,0.3830643971761068,0.46347502280912156,0.36666666666666664
199,ds005280__sub-199,30,22,1.945716142654419,0.3333333333333333,0.33333333333333337,0.12203585887796413,0.18466183344523113,0.25463065933740886,0.6333333333333333
200,ds005280__sub-200,29,9,2.040621280670166,0.06896551724137931,0.07142857142857142,0.04,0.24196110922714759,0.2640377055506046,0.5862068965517241
201,ds005280__sub-201,30,6,2.037008762359619,0.0,0.0,0.0,0.30295358498891195,0.3836178269193069,0.5
202,ds005280__sub-202,30,15,2.002565383911133,0.23333333333333334,0.23333333333333334,0.1898148148148148,0.3833683967590332,0.46061024068496503,0.43333333333333335
203,ds005280__sub-203,30,15,1.9994343519210815,0.2,0.2,0.12705882352941175,0.4915725072224935,0.5600485447556819,0.3
204,ds005280__sub-204,30,22,1.8842291831970215,0.4666666666666667,0.4666666666666667,0.2882205513784461,0.2754047711690267,0.35987239446840164,0.5
205,ds005280__sub-205,30,9,2.1248104572296143,0.06666666666666667,0.06666666666666667,0.03361344537815126,0.256427796681722,0.32517316085146536,0.5333333333333333
206,ds005280__sub-206,30,17,1.9602164030075073,0.36666666666666664,0.36666666666666664,0.18739495798319328,0.45275801022847495,0.5179137652553383,0.3
207,ds005280__sub-207,30,9,2.05983567237854,0.3,0.3,0.15403225806451612,0.23407408396402996,0.2770381542358869,0.5333333333333333
208,ds005280__sub-208,27,14,2.021888256072998,0.0,0.0,0.0,0.2402055263519287,0.27415137890325647,0.6296296296296297
209,ds005280__sub-209,30,12,2.0823662281036377,0.03333333333333333,0.03333333333333333,0.025,0.25351542631785073,0.34802793378428776,0.5333333333333333
210,ds005280__sub-210,30,11,2.024731159210205,0.13333333333333333,0.13333333333333333,0.08888888888888888,0.492232886950175,0.5503279692266481,0.36666666666666664
211,ds005280__sub-211,26,18,1.9399386644363403,0.5,0.5,0.29411764705882354,0.2651589191876925,0.33728829279218625,0.5
212,ds005280__sub-212,30,8,2.0773658752441406,0.1,0.1,0.04,0.2623917977015177,0.3424819223676494,0.5
213,ds005280__sub-213,24,29,1.5259488821029663,0.3333333333333333,0.35664335664335667,0.21428571428571427,0.3163280189037323,0.38632612889930884,0.4583333333333333
214,ds005280__sub-214,30,17,1.9582494497299194,0.13333333333333333,0.13333333333333333,0.06666666666666667,0.3267593701680501,0.41638050167262636,0.5333333333333333
215,ds005280__sub-215,30,15,1.9651100635528564,0.5666666666666667,0.5666666666666667,0.32666666666666666,0.2934585650761922,0.37571652343189044,0.5333333333333333
216,ds005280__sub-216,30,12,2.007432222366333,0.16666666666666666,0.16666666666666666,0.10921052631578947,0.4795057694117228,0.5399588607689081,0.26666666666666666
217,ds005280__sub-217,30,10,2.0294814109802246,0.3,0.3,0.17523809523809525,0.559160574277242,0.6153747542490099,0.13333333333333333
218,ds005280__sub-218,29,18,2.009490728378296,0.0,0.0,0.0,0.23117868653659163,0.28724262187678756,0.6206896551724138
219,ds005280__sub-219,26,20,1.9121092557907104,0.038461538461538464,0.041666666666666664,0.047619047619047616,0.2424944364107572,0.2803080588151565,0.5384615384615384
220,ds005280__sub-220,30,17,1.9520691633224487,0.3,0.3,0.10909090909090909,0.26076013247172036,0.3259757891007997,0.5666666666666667
221,ds005280__sub-221,30,13,2.027728319168091,0.1,0.1,0.047619047619047616,0.24352978070576986,0.27584596938781375,0.5333333333333333
222,ds005280__sub-222,29,12,2.0125248432159424,0.0,0.0,0.0,0.26873581162814436,0.32629625197869083,0.5517241379310345
223,ds005280__sub-223,23,11,2.014153480529785,0.34782608695652173,0.36363636363636365,0.13333333333333333,0.2158719767694888,0.2610252977838112,0.6086956521739131
224,ds005293__sub-001,80,17,1.9400736093521118,0.0625,0.0625,0.045351473922902494,0.4793740898370743,0.5632198500636313,0.25
225,ds005293__sub-002,69,25,1.7328804731369019,0.2028985507246377,0.21568627450980393,0.10173160173160174,0.49022511813951575,0.5574178534133503,0.2028985507246377
226,ds005293__sub-003,78,21,1.864819884300232,0.08974358974358974,0.08888888888888888,0.06575091575091575,0.4424118812267597,0.5209225923007026,0.2564102564102564
227,ds005293__sub-004,74,7,2.147451639175415,0.05405405405405406,0.055098684210526314,0.04770186335403727,0.4825929242211419,0.5502308194895956,0.3108108108108108
228,ds005293__sub-005,77,7,2.1199796199798584,0.025974025974025976,0.025,0.022857142857142857,0.6193023687833316,0.7370470553465895,0.2077922077922078
229,ds005293__sub-006,69,7,2.0580012798309326,0.2028985507246377,0.18421052631578946,0.05982905982905983,0.5481634105461232,0.6592662210624073,0.2463768115942029
230,ds005293__sub-007,79,28,1.78567636013031,0.10126582278481013,0.1,0.04938271604938271,0.6756719124468067,0.7934131555994312,0.189873417721519
231,ds005293__sub-008,78,7,2.039743661880493,0.0,0.0,0.0,0.7350046604107587,0.8669625129132164,0.2692307692307692
232,ds005293__sub-009,80,23,1.8819379806518555,0.225,0.225,0.17511676954401412,0.7209304928779602,0.8265016397969287,0.15
233,ds005293__sub-010,73,30,1.7084033489227295,0.3972602739726027,0.3978383458646617,0.2519208037825059,0.4872959084706764,0.6349434745365446,0.3698630136986301
234,ds005293__sub-011,80,10,2.0329010486602783,0.1625,0.1625,0.06516290726817042,0.47663905918598176,0.5538181212618379,0.275
235,ds005293__sub-012,79,24,1.908528208732605,0.13924050632911392,0.14144736842105263,0.0976808905380334,0.4188491090943542,0.5203552649653398,0.379746835443038
236,ds005293__sub-013,73,12,2.0220353603363037,0.2328767123287671,0.24779411764705883,0.10538126361655774,0.7063391175988603,0.8207916090491013,0.2191780821917808
237,ds005293__sub-014,80,14,1.9829630851745605,0.1,0.09999999999999999,0.060770750988142296,0.4829751640558243,0.5555496758983792,0.2625
238,ds005293__sub-015,80,10,2.0352373123168945,0.075,0.075,0.047142857142857146,0.4876588970422745,0.548557042535975,0.2375
239,ds005293__sub-016,80,10,2.0311179161071777,0.2875,0.28750000000000003,0.1812835814773799,0.7190065205097198,0.8468286914780985,0.25
240,ds005293__sub-017,76,23,1.8806393146514893,0.11842105263157894,0.11249999999999999,0.06594202898550725,0.44899491259926244,0.5551838060883552,0.3684210526315789
241,ds005293__sub-018,80,10,2.084423065185547,0.0875,0.0875,0.0425531914893617,0.7333631306886673,0.8646873044770598,0.275
242,ds005293__sub-019,77,26,1.8966552019119263,0.11688311688311688,0.11249999999999999,0.06337108013937282,0.63589562069286,0.7638948106642459,0.24675324675324675
243,ds005293__sub-020,79,14,2.0026280879974365,0.06329113924050633,0.06315789473684211,0.06178307099966086,0.6977630084073996,0.8424285496414773,0.24050632911392406
244,ds005293__sub-021,80,28,1.8332504034042358,0.2,0.2,0.14694369165913881,0.6399869978427887,0.8485053801062667,0.2625
245,ds005293__sub-022,79,15,1.9369460344314575,0.11392405063291139,0.1125,0.06573275862068965,0.6101733431031432,0.7298939900793677,0.25316455696202533
246,ds005293__sub-023,70,11,1.9981534481048584,0.15714285714285714,0.1375,0.046908315565031986,0.4295280388423375,0.5290571024744292,0.34285714285714286
247,ds005293__sub-024,78,17,1.8372957706451416,0.05128205128205128,0.05,0.04075091575091575,0.6359149217605591,0.7752756543947715,0.2692307692307692
248,ds005293__sub-025,80,19,1.9309791326522827,0.125,0.125,0.09812596006144393,0.6139351695775985,0.742806514255462,0.2125
249,ds005293__sub-026,80,11,2.0456418991088867,0.0375,0.037500000000000006,0.030594405594405596,0.49139028787612915,0.5785606383683957,0.275
250,ds005293__sub-027,80,12,2.0273969173431396,0.275,0.275,0.12291666666666667,0.5785664469003677,0.6801330687978505,0.25
251,ds005293__sub-028,80,10,2.039721965789795,0.2625,0.2625,0.16009425311750894,0.7274697214365006,0.8346113774891278,0.2125
252,ds005293__sub-029,58,21,1.8738372325897217,0.06896551724137931,0.06785714285714287,0.04093567251461988,0.45161319601124733,0.5260139895064765,0.27586206896551724
253,ds005293__sub-030,78,28,1.825514793395996,0.44871794871794873,0.45277777777777783,0.24062449282999365,0.4853525773072854,0.632791367206758,0.3333333333333333
254,ds005293__sub-031,67,20,1.7851979732513428,0.1044776119402985,0.09674922600619196,0.05448717948717949,0.4506952406755134,0.540656553298551,0.3582089552238806
255,ds005293__sub-032,80,10,2.0513181686401367,0.0625,0.0625,0.04220779220779221,0.47972806096076964,0.5700255708465937,0.275
256,ds005293__sub-033,79,9,2.0564286708831787,0.26582278481012656,0.2710526315789474,0.13080481036077707,0.5796374127834658,0.6845479660220537,0.21518987341772153
257,ds005293__sub-034,74,7,2.13232421875,0.16216216216216217,0.15592105263157893,0.06944444444444445,0.45723659283406026,0.5403808384820932,0.2972972972972973
258,ds005293__sub-035,80,26,1.5659750699996948,0.05,0.05,0.029304029304029304,0.47779586613178254,0.6202882406073424,0.4375
259,ds005293__sub-036,80,7,2.02056622505188,0.1125,0.11249999999999999,0.0656084656084656,0.5973725855350495,0.7114657862020802,0.2125
260,ds005293__sub-037,77,16,1.9745408296585083,0.11688311688311688,0.11470588235294119,0.08889532824624102,0.6282039865270838,0.7449678016186028,0.24675324675324675
261,ds005293__sub-038,80,16,1.9811506271362305,0.0875,0.0875,0.07047619047619047,0.46061964333057404,0.529184994127586,0.275
262,ds005293__sub-039,80,12,2.0123167037963867,0.1,0.1,0.07762785274029652,0.5920722872018814,0.6982705711024486,0.2
263,ds005293__sub-040,80,9,2.0401175022125244,0.1875,0.1875,0.056390977443609026,0.581312382221222,0.6940586429525364,0.25
264,ds005293__sub-041,78,11,2.0370492935180664,0.0641025641025641,0.06447368421052632,0.05961418383778632,0.601450516627385,0.7133093247711124,0.23076923076923078
265,ds005293__sub-042,78,17,1.980987787246704,0.08974358974358974,0.0888888888888889,0.07278345436240173,0.4425844106918726,0.5401782734258421,0.34615384615384615
266,ds005293__sub-043,79,28,1.668861985206604,0.08860759493670886,0.0894736842105263,0.0719047619047619,0.6545581877986087,0.7894679630941813,0.17721518987341772
267,ds005293__sub-044,71,10,2.033229112625122,0.2676056338028169,0.33114035087719296,0.1797912713472486,0.6781867792908575,0.787115451870745,0.23943661971830985
268,ds005293__sub-045,75,12,1.9687776565551758,0.09333333333333334,0.09013157894736842,0.06984126984126984,0.4971931012471517,0.5591162965301262,0.22666666666666666
269,ds005293__sub-046,80,14,1.9868495464324951,0.05,0.05,0.03007518796992481,0.47195906937122345,0.5582192734898371,0.2625
270,ds005293__sub-047,79,9,2.0901410579681396,0.0,0.0,0.0,0.5011182133155533,0.5800471121943727,0.22784810126582278
271,ds005293__sub-048,80,27,1.8261774778366089,0.125,0.125,0.09207459207459208,0.4606602698564529,0.5835021313238337,0.375
272,ds005293__sub-049,59,16,1.934113621711731,0.2711864406779661,0.3034502262443439,0.13781512605042018,0.7060395620637021,0.8128941104592698,0.1864406779661017
273,ds005293__sub-050,80,20,1.9159960746765137,0.2375,0.2375,0.1328535012745539,0.520185860991478,0.5985843939816544,0.2
274,ds005293__sub-051,80,19,2.003880262374878,0.0625,0.0625,0.04976190476190476,0.7913756757974625,0.9625774331722252,0.225
275,ds005293__sub-052,80,28,1.7804917097091675,0.375,0.375,0.18914721931963313,0.6128851294517517,0.7303074644415953,0.2125
276,ds005293__sub-053,71,30,1.6571829319000244,0.09859154929577464,0.09194078947368421,0.06921850079744817,0.6607631999002376,0.8102686731656399,0.28169014084507044
277,ds005293__sub-054,80,25,1.86940336227417,0.4375,0.4375,0.23391812865497075,0.5656471520662307,0.6811428620857585,0.2625
278,ds005293__sub-055,79,11,2.0351266860961914,0.31645569620253167,0.3223684210526316,0.22357270110229455,0.6930770843843871,0.7825792916426931,0.0759493670886076
279,ds005293__sub-056,80,23,1.884427547454834,0.05,0.05,0.05318491032776747,0.8532600998878479,1.0990564769171653,0.2625
280,ds005293__sub-057,80,8,2.050401210784912,0.2,0.2,0.07850746268656716,0.7308690965175628,0.8603249977976994,0.275
281,ds005293__sub-058,77,21,1.821459174156189,0.2857142857142857,0.2882352941176471,0.1423941798941799,0.6479035879110361,0.7654763841986203,0.18181818181818182
282,ds005293__sub-059,79,11,2.0524749755859375,0.05063291139240506,0.05,0.04395604395604396,0.7179436925091321,0.8515284861830261,0.26582278481012656
283,ds005293__sub-060,78,24,1.7640916109085083,0.24358974358974358,0.23815789473684212,0.1158922558922559,0.6771075481023544,0.788259742805566,0.1794871794871795
284,ds005293__sub-061,80,16,1.9797734022140503,0.2625,0.2625,0.19161671837193658,0.6992736309766769,0.803224249430215,0.1
285,ds005293__sub-062,80,9,2.0451252460479736,0.2375,0.2375,0.07037037037037037,0.7315169841051101,0.8275789245939484,0.0375
286,ds005293__sub-063,43,26,1.8048875331878662,0.046511627906976744,0.03125,0.031746031746031744,0.689829427142476,0.8265489860969562,0.23255813953488372
287,ds005293__sub-064,80,8,2.0462095737457275,0.0625,0.0625,0.043560606060606064,0.7395087987184524,0.8754461223982907,0.2625
288,ds005293__sub-065,79,30,1.7784239053726196,0.27848101265822783,0.2789473684210526,0.20236829474669882,0.630107339424423,0.7522693361353119,0.24050632911392406
289,ds005293__sub-066,80,24,1.91292142868042,0.15,0.15,0.11291666666666667,0.718978899717331,0.9179176674818714,0.25
290,ds005293__sub-067,77,24,1.946864366531372,0.03896103896103896,0.039473684210526314,0.03125,0.9206713794113753,1.122870081877038,0.11688311688311688
291,ds005293__sub-068,80,12,2.0571727752685547,0.025,0.025,0.023809523809523808,0.4784225434064865,0.5468194597908098,0.25
292,ds005293__sub-069,71,15,2.0457870960235596,0.07042253521126761,0.0625,0.0554569653948536,0.6798328077289421,0.7845063062629913,0.18309859154929578
293,ds005293__sub-070,79,7,2.1126749515533447,0.1518987341772152,0.15,0.07025117739403454,0.7399857949606979,0.8564061837192157,0.24050632911392406
294,ds005293__sub-071,79,9,2.052239179611206,0.05063291139240506,0.05,0.03125,0.46266335475293896,0.5306873947982681,0.24050632911392406
295,ds005293__sub-072,75,10,2.0353000164031982,0.05333333333333334,0.058823529411764705,0.03809523809523809,0.7069143231709798,0.8308423498854748,0.26666666666666666
296,ds005293__sub-073,74,11,2.0080835819244385,0.28378378378378377,0.3138157894736842,0.18456744936839536,0.6951810572598431,0.803929093627318,0.1891891891891892
297,ds005293__sub-074,79,6,2.0317132472991943,0.189873417721519,0.1875,0.10252525252525253,0.7349020921731297,0.8477604603631596,0.26582278481012656
298,ds005293__sub-075,64,20,1.8750643730163574,0.171875,0.1733957219251337,0.10298221614227088,0.6984178312122822,0.8276096453219516,0.171875
299,ds005293__sub-076,77,8,2.1209208965301514,0.19480519480519481,0.22058823529411764,0.05291005291005291,0.7121590762943416,0.816615114763189,0.15584415584415584
300,ds005293__sub-077,80,23,1.9509296417236328,0.2875,0.2875,0.21674498746867166,0.6535304635763168,0.8468204238969885,0.275
301,ds005293__sub-078,78,14,1.9828985929489136,0.038461538461538464,0.039473684210526314,0.028125,0.7246133608695788,0.8596575379160392,0.1794871794871795
302,ds005293__sub-079,80,14,1.9687433242797852,0.1375,0.1375,0.08730263157894737,0.7043917804956437,0.7934956376848759,0.0625
303,ds005293__sub-080,73,25,1.9418717622756958,0.1506849315068493,0.1450657894736842,0.09161092530657748,0.7333458025161534,0.8954548596652055,0.1780821917808219
304,ds005293__sub-081,79,19,1.870720624923706,0.26582278481012656,0.2690789473684211,0.13332980972515857,0.7075567275662965,0.8119727459700661,0.17721518987341772
305,ds005293__sub-082,67,10,2.00974440574646,0.05970149253731343,0.05263157894736842,0.03809523809523809,0.6350403223464738,0.7598042164650172,0.31343283582089554
306,ds005293__sub-083,80,12,1.9902414083480835,0.25,0.25,0.0826578073089701,0.7467306643724442,0.8472713378204675,0.1125
307,ds005293__sub-084,80,6,2.18552565574646,0.0,0.0,0.0,0.6585106015205383,0.7875212221956767,0.225
308,ds005293__sub-085,79,25,1.820618987083435,0.22784810126582278,0.22828947368421054,0.09839683260855456,0.4933272162570229,0.596083801471916,0.3037974683544304
309,ds005293__sub-086,72,23,1.7758733034133911,0.027777777777777776,0.02631578947368421,0.031746031746031744,0.7005647222201029,0.8142910255610816,0.18055555555555555
310,ds005293__sub-087,79,20,1.906642198562622,0.05063291139240506,0.05,0.0351908321857171,0.4750583654717554,0.5529175980261238,0.2911392405063291
311,ds005293__sub-088,76,7,2.0554513931274414,0.11842105263157894,0.11756965944272446,0.07663690476190477,0.7213829849895678,0.836405852721078,0.2631578947368421
312,ds005293__sub-089,76,6,2.0402069091796875,0.013157894736842105,0.013888888888888888,0.014492753623188406,0.7591141399584318,0.8761194751991015,0.23684210526315788
313,ds005293__sub-090,75,30,1.6958693265914917,0.17333333333333334,0.18055555555555555,0.04710144927536232,0.6224643739064535,0.7318274843523548,0.2
314,ds005293__sub-091,80,13,2.0345447063446045,0.2625,0.2625,0.13425925925925927,0.7253395676612854,0.8256598054498614,0.125
315,ds005293__sub-092,80,21,1.9033703804016113,0.25,0.25,0.18779267773520647,0.6808360785245895,0.8091302319331783,0.2125
316,ds005293__sub-093,76,8,2.031439781188965,0.09210526315789473,0.09371345029239765,0.08308647873865264,0.7385928505345395,0.8708798013113929,0.23684210526315788
317,ds005293__sub-094,80,14,2.0119152069091797,0.2875,0.2851190476190476,0.1592400438436244,0.7370417147874833,0.8348815484028347,0.0625
318,ds005293__sub-095,80,29,1.8524543046951294,0.3125,0.3125,0.15538569424964938,0.6188336193561554,0.7419017329236107,0.25
