recording,epoch_index,time_start_s,roi_cog_9_11_hz,C3_cog_9_11_hz,C3_cog_8_12_hz,C4_cog_9_11_hz,C4_cog_8_12_hz,CZ_cog_9_11_hz,CZ_cog_8_12_hz
ds005293,0,173.233,9.811941055492523,9.744108168230778,10.330722404255795,10.102033777116537,10.250004119544391,9.589681221130258,9.240772371642677
ds005293,1,178.233,9.719954196725899,9.600967182436936,9.748485147916977,10.028344032726944,10.509466651424672,9.530551375013816,9.321238750473116
ds005293,2,183.233,10.183080504272453,10.364288802316477,11.147724861667026,10.024390075106421,10.832275529293847,10.160562635394461,10.177188780695655
ds005293,3,188.233,10.292849453649504,9.929065671441847,10.436224294175922,10.396116276941267,11.06136740361307,10.5533664125654,10.696759039822368
ds005293,4,193.233,10.034124628483843,9.84220188371886,9.66613097973126,10.07275627477333,9.835681498284846,10.187415726959337,10.08471156412783
ds005293,5,198.233,10.261899052337215,10.690603899289748,11.04056754839956,9.972010052991624,10.571697654455471,10.123083204730275,9.92070046919912
ds005293,6,203.233,9.918078632123105,9.96393156593624,11.284610118886086,10.059784777219804,11.362887988579176,9.730519553213268,9.697605901576193
ds005293,7,208.233,9.790941289198669,10.02536940233617,10.816693990661234,9.647908062235414,9.827144360041613,9.699546403024423,9.652268340085307
ds005293,8,213.233,9.887419816801751,9.593916616406009,9.942533925154411,10.408056084510866,10.356332278680666,9.660286749488378,9.767222474924306
ds005293,9,218.233,10.126435724374584,9.941488341000502,10.037949479877629,10.23341791284747,11.047384508132122,10.20440091927578,10.672690236882584
ds005293,10,223.233,10.45777056535477,10.551098465676468,11.040134859299606,10.555838645286274,10.995270048092896,10.266374585101566,10.027259700397927
ds005293,11,228.233,9.921094743403154,9.901320650273282,10.624392441688906,10.029184765038426,10.559207332930278,9.832778814897754,9.666750515158157
ds005293,12,233.233,10.216755549489308,10.20361492176264,10.488583459596832,10.417042721677435,11.1873475518359,10.029609005027853,10.104955073620072
ds005293,13,238.233,9.92516777892896,10.011715912564608,11.092057490185839,10.25882282444324,11.443689151668396,9.504964599779033,9.354602268685301
ds005293,14,243.233,9.743446092146534,9.845113564599252,9.49585523411973,9.425321259079759,10.178830284912694,9.959903452760592,9.95069429071297
ds005293,15,248.233,10.518219571395255,10.678213737148562,10.911766503647499,10.454043228097769,10.994588065879652,10.422401748939434,11.12976369842644
ds005293,16,253.233,10.196689125966602,10.282653068000656,10.844540824986991,10.184805777858239,11.244598990137487,10.122608532040912,10.473906741271044
ds005293,17,258.233,10.158817569817666,10.173807035348913,10.614309701913406,10.390289205141272,11.000998117939329,9.912356468962814,10.14522006277265
ds005293,18,263.233,10.170762434039935,9.92110014568965,10.040412679103,10.386744431333579,10.697776512427913,10.204442725096571,10.360900303564026
ds005293,19,268.233,10.080433819004607,9.899522705128462,10.751612040005933,10.222467687805306,11.195766263783618,10.119311064080055,10.35111237466599
ds005293,20,273.233,10.212275818906704,10.035785536051995,10.99206334471011,10.257659545768757,10.633739918252312,10.343382374899361,10.31122317454634
ds005293,21,278.233,10.04489426954836,10.278178561807419,10.403428583143652,10.005567096351571,10.852723175960042,9.850937150486086,10.125543900894316
ds005293,22,283.233,10.059868069351083,9.953590672730769,10.485691352659893,10.177764722144111,10.659975734347604,10.048248813178368,11.138363567183635
ds005293,23,288.233,10.120127142371276,10.242757312816284,10.884392546363296,10.124665287445778,10.976146141020315,9.992958826851767,9.820256222102932
ds005293,24,293.233,10.019568019765607,10.230888732156892,10.49577772221512,9.906772244479487,9.981469111129902,9.921043082660443,9.872712828140791
ds005293,25,298.233,10.4352559141984,10.66452519965419,11.091981226607723,10.253482932616034,11.122118143412012,10.387759610324979,10.587911153914758
ds005293,26,303.233,10.265106470551814,10.343753899494219,10.937969064620258,10.160052763179008,11.256973757426985,10.291512748982212,10.924215252972377
ds005293,27,308.233,10.28932466983476,10.34697222514605,10.338304200409842,10.746485978933222,11.276085993127978,9.774515805425008,9.890829085163567
ds005293,28,313.233,10.042448260623333,10.102216295484297,10.939162278277216,9.869752937039527,10.306225066703213,10.155375549346175,10.322482174294345
ds005293,29,318.233,9.91545141445373,9.90838038291202,9.914104145384186,10.05975106470787,10.148625236429597,9.778222795741296,9.464446820979866
ds005293,30,323.233,9.988246267915473,10.249257676739546,10.582857941341127,9.802970386368449,10.685972156774493,9.912510740638423,9.714634909396802
ds005293,31,328.233,10.273017795291478,10.302444274648428,10.754344988175578,10.193005026721012,10.71694379445401,10.323604084504995,10.372485559068775
ds005293,32,333.233,9.95417661580344,9.835544815819736,10.322831341056268,10.056145908998399,11.298798386475694,9.970839122592187,10.78586483194135
ds005293,33,338.233,9.894408320536371,9.484333898343051,9.433107923755529,10.180372469379503,10.121078705640352,10.01851859388656,9.576700422493106
ds005293,34,343.233,10.338478136166854,10.053077125177316,10.362550260688934,10.601623464511944,11.015527946937484,10.3607338188113,10.696486310321154
ds005293,35,348.233,10.290650187315983,10.153946695342077,10.517754433020535,10.286751867017957,11.086167897739825,10.431251999587912,11.130479955191413
ds005293,36,353.233,9.959326596367019,9.9779457187376,9.741280627422723,9.955160219998604,9.734342574281174,9.944873850364848,9.42037401731428
ds005293,37,358.233,9.917442604421323,9.9511648843295,10.877180637206186,10.153654552708042,11.03776329723271,9.647508376226426,9.939447817921167
ds005293,38,363.233,10.065472651276163,10.458728181972543,10.690105894440535,10.142056879913541,11.363057202413755,9.595632891942405,9.882594271389609
ds005293,39,368.233,9.843818275511696,9.86880779581788,10.391277712368483,9.680466970657713,9.642466210027939,9.982180060059497,9.442111093704575
ds005293,40,373.233,10.193498341810221,10.043403817336173,11.041315887990836,10.57977965311391,11.237959077382985,9.957311554980583,10.189638120246897
ds005293,41,378.233,10.2009745876277,9.917699702044262,9.972064238806404,10.342809333543295,10.80199253995914,10.342414727295543,10.49698607713466
ds005293,42,383.233,9.916277693588455,10.066306453835788,10.935015493113722,10.085869686293663,10.89567630341858,9.596656940635915,9.617934802432616
ds005293,43,388.233,10.173950027762908,10.352054513758048,11.215041960655942,10.187169393472923,9.847168437023331,9.982626176057755,9.579162217492984
ds005293,44,393.233,9.998513955948765,10.299954764728769,10.944516550997706,9.836110502125011,10.83096508196066,9.859476600992512,10.17294605707229
ds005293,45,398.233,10.272701576712224,10.409070016955596,10.573395921387247,10.172470895373902,11.206403400653544,10.236563817807177,10.487331790872966
ds005293,46,403.233,10.19727084403297,10.62856222562861,11.09459014741693,10.232209854125228,10.650460801714297,9.731040452345072,10.041811787260238
ds005293,47,408.233,10.03544120688796,10.064813038124997,11.154723464890406,9.978342511361602,11.34261800869584,10.06316807117728,9.994368977485921
ds005293,48,413.233,10.107462075834803,10.16274056036016,10.528334198487034,10.239147965290789,10.6012596665575,9.920497701853462,9.500257658331032
ds005293,49,418.233,10.142140970276513,10.094646204405912,10.466481581794076,9.778349623305672,9.608445493391885,10.553427083117954,9.485103911350263
ds005293,50,423.233,9.971476301986746,9.879427339481735,9.822776409118296,9.945101599646096,10.209070321601379,10.089899966832403,9.763584116652286
ds005293,51,428.233,10.170782279156816,9.988069699057226,9.28908681888104,10.414029507817798,10.283029552184372,10.110247630595426,9.583368398089263
ds005293,52,433.233,10.094887805388455,9.877022622085402,9.675511242155984,10.167425588229507,10.074013059278329,10.240215205850456,10.166292816037174
ds005293,53,438.233,10.088051158346218,10.002486677306795,9.742356377614714,10.266752383195998,10.129383281180838,9.994914414535863,9.491808031065077
ds005293,54,443.233,9.86567879530127,10.140270703249485,9.768552152519094,9.752666875056127,9.227509908646972,9.704098807598195,9.076963377042311
ds005293,55,448.233,9.564740135867934,9.865968077892978,9.116026568844918,9.402296543661727,8.826351289756687,9.425955786049093,9.287202474579813
ds005293,56,453.233,10.087308218633938,10.022549911672499,9.659939125695766,10.158792429903315,9.247137062677096,10.080582314326,9.61446602736667
ds005293,57,458.233,9.820031254126134,9.826302687043452,9.231466851876426,9.826811848856467,9.403362536175516,9.80697922647848,9.341457398202003
ds005293,58,463.233,9.647708894912908,9.323136786958525,9.061422693510325,10.035432087813406,9.482960151775094,9.584557809966793,8.844611322262818
ds005293,59,468.233,9.68610816821535,9.597112633493293,9.131328146507927,9.760582160298148,9.952292522517185,9.700629710854615,9.079132219235094
