feature_set,fold,held_out_subject,train_epochs,test_epochs,input_features,expanded_features_added,selected_features,accuracy,balanced_accuracy,auc,f1,sensitivity,specificity
baseline_135,1,sub-001,751,30,135,0,60,0.96666667,0.96428571,0.94642857,0.96296296,0.92857143,1.00000000
baseline_135,2,sub-002,749,32,135,0,60,0.75000000,0.75000000,0.88281250,0.66666667,0.50000000,1.00000000
baseline_135,3,sub-003,749,32,135,0,60,0.68750000,0.68750000,0.87109375,0.75000000,0.93750000,0.43750000
baseline_135,4,sub-004,750,31,135,0,60,0.80645161,0.81041667,0.96250000,0.82352941,0.93333333,0.68750000
baseline_135,5,sub-005,749,32,135,0,60,0.50000000,0.50000000,0.62109375,0.20000000,0.12500000,0.87500000
baseline_135,6,sub-006,758,23,135,0,60,0.91304348,0.93333333,0.95000000,0.88888889,1.00000000,0.86666667
baseline_135,7,sub-007,751,30,135,0,60,0.76666667,0.76339286,0.80803571,0.74074074,0.71428571,0.81250000
baseline_135,8,sub-008,758,23,135,0,60,0.82608696,0.87500000,0.98214286,0.77777778,1.00000000,0.75000000
baseline_135,9,sub-009,755,26,135,0,60,0.76923077,0.75625000,0.78125000,0.70000000,0.70000000,0.81250000
baseline_135,10,sub-010,756,25,135,0,60,0.76000000,0.76388889,0.79861111,0.70000000,0.77777778,0.75000000
baseline_135,11,sub-011,749,32,135,0,60,0.78125000,0.78125000,0.88281250,0.80000000,0.87500000,0.68750000
baseline_135,12,sub-012,753,28,135,0,60,0.82142857,0.81250000,0.89062500,0.78260870,0.75000000,0.87500000
baseline_135,13,sub-013,749,32,135,0,60,0.53125000,0.53125000,0.60156250,0.11764706,0.06250000,1.00000000
baseline_135,14,sub-014,750,31,135,0,60,0.48387097,0.50000000,0.49166667,0.65217391,1.00000000,0.00000000
baseline_135,15,sub-015,749,32,135,0,60,0.90625000,0.90625000,0.99218750,0.91428571,1.00000000,0.81250000
baseline_135,16,sub-016,749,32,135,0,60,0.62500000,0.62500000,0.64453125,0.40000000,0.25000000,1.00000000
baseline_135,17,sub-017,749,32,135,0,60,0.62500000,0.62500000,0.83984375,0.40000000,0.25000000,1.00000000
baseline_135,18,sub-018,750,31,135,0,60,0.74193548,0.74375000,0.89583333,0.75000000,0.80000000,0.68750000
baseline_135,19,sub-019,753,28,135,0,60,0.78571429,0.77083333,0.86979167,0.72727273,0.66666667,0.87500000
baseline_135,20,sub-020,749,32,135,0,60,0.53125000,0.53125000,0.92578125,0.11764706,0.06250000,1.00000000
baseline_135,21,sub-021,751,30,135,0,60,0.83333333,0.83482143,0.89732143,0.82758621,0.85714286,0.81250000
baseline_135,22,sub-022,749,32,135,0,60,0.75000000,0.75000000,0.85937500,0.69230769,0.56250000,0.93750000
baseline_135,23,sub-023,749,32,135,0,60,0.78125000,0.78125000,0.92968750,0.72000000,0.56250000,1.00000000
baseline_135,24,sub-024,749,32,135,0,60,0.53125000,0.53125000,0.78125000,0.21052632,0.12500000,0.93750000
baseline_135,25,sub-025,750,31,135,0,60,0.70967742,0.71875000,0.84166667,0.60869565,0.43750000,1.00000000
baseline_135,26,sub-026,751,30,135,0,60,0.70000000,0.69196429,0.68750000,0.64000000,0.57142857,0.81250000
wavelet_only,1,sub-001,751,30,18,18,18,0.80000000,0.80803571,0.90178571,0.81250000,0.92857143,0.68750000
wavelet_only,2,sub-002,749,32,18,18,18,0.59375000,0.59375000,0.67578125,0.31578947,0.18750000,1.00000000
wavelet_only,3,sub-003,749,32,18,18,18,0.65625000,0.65625000,0.68750000,0.68571429,0.75000000,0.56250000
wavelet_only,4,sub-004,750,31,18,18,18,0.87096774,0.87291667,0.97500000,0.87500000,0.93333333,0.81250000
wavelet_only,5,sub-005,749,32,18,18,18,0.50000000,0.50000000,0.69140625,0.11111111,0.06250000,0.93750000
wavelet_only,6,sub-006,758,23,18,18,18,0.78260870,0.80416667,0.87500000,0.73684211,0.87500000,0.73333333
wavelet_only,7,sub-007,751,30,18,18,18,0.73333333,0.73660714,0.79464286,0.73333333,0.78571429,0.68750000
wavelet_only,8,sub-008,758,23,18,18,18,0.73913043,0.81250000,0.91964286,0.70000000,1.00000000,0.62500000
wavelet_only,9,sub-009,755,26,18,18,18,0.61538462,0.68750000,0.90000000,0.66666667,1.00000000,0.37500000
wavelet_only,10,sub-010,756,25,18,18,18,0.92000000,0.93750000,0.88888889,0.90000000,1.00000000,0.87500000
wavelet_only,11,sub-011,749,32,18,18,18,0.68750000,0.68750000,0.83203125,0.58333333,0.43750000,0.93750000
wavelet_only,12,sub-012,753,28,18,18,18,0.85714286,0.87500000,0.98437500,0.85714286,1.00000000,0.75000000
wavelet_only,13,sub-013,749,32,18,18,18,0.56250000,0.56250000,0.78515625,0.30000000,0.18750000,0.93750000
wavelet_only,14,sub-014,750,31,18,18,18,0.64516129,0.63541667,0.80833333,0.47619048,0.33333333,0.93750000
wavelet_only,15,sub-015,749,32,18,18,18,0.84375000,0.84375000,0.94531250,0.84848485,0.87500000,0.81250000
wavelet_only,16,sub-016,749,32,18,18,18,0.56250000,0.56250000,0.61328125,0.36363636,0.25000000,0.87500000
wavelet_only,17,sub-017,749,32,18,18,18,0.78125000,0.78125000,0.89062500,0.72000000,0.56250000,1.00000000
wavelet_only,18,sub-018,750,31,18,18,18,0.77419355,0.78125000,0.92083333,0.81081081,1.00000000,0.56250000
wavelet_only,19,sub-019,753,28,18,18,18,0.57142857,0.57291667,0.68229167,0.53846154,0.58333333,0.56250000
wavelet_only,20,sub-020,749,32,18,18,18,0.65625000,0.65625000,0.84765625,0.47619048,0.31250000,1.00000000
wavelet_only,21,sub-021,751,30,18,18,18,0.56666667,0.58035714,0.74553571,0.62857143,0.78571429,0.37500000
wavelet_only,22,sub-022,749,32,18,18,18,0.78125000,0.78125000,0.77343750,0.77419355,0.75000000,0.81250000
wavelet_only,23,sub-023,749,32,18,18,18,0.65625000,0.65625000,0.77734375,0.59259259,0.50000000,0.81250000
wavelet_only,24,sub-024,749,32,18,18,18,0.65625000,0.65625000,0.87109375,0.56000000,0.43750000,0.87500000
wavelet_only,25,sub-025,750,31,18,18,18,0.67741935,0.67708333,0.75000000,0.68750000,0.68750000,0.66666667
wavelet_only,26,sub-026,751,30,18,18,18,0.76666667,0.77232143,0.84821429,0.77419355,0.85714286,0.68750000
mfcc_only,1,sub-001,751,30,15,15,15,0.80000000,0.80803571,0.86160714,0.81250000,0.92857143,0.68750000
mfcc_only,2,sub-002,749,32,15,15,15,0.59375000,0.59375000,0.71875000,0.38095238,0.25000000,0.93750000
mfcc_only,3,sub-003,749,32,15,15,15,0.75000000,0.75000000,0.92578125,0.80000000,1.00000000,0.50000000
mfcc_only,4,sub-004,750,31,15,15,15,0.70967742,0.71875000,0.93750000,0.76923077,1.00000000,0.43750000
mfcc_only,5,sub-005,749,32,15,15,15,0.56250000,0.56250000,0.75390625,0.36363636,0.25000000,0.87500000
mfcc_only,6,sub-006,758,23,15,15,15,0.69565217,0.73750000,0.88333333,0.66666667,0.87500000,0.60000000
mfcc_only,7,sub-007,751,30,15,15,15,0.70000000,0.70535714,0.81696429,0.70967742,0.78571429,0.62500000
mfcc_only,8,sub-008,758,23,15,15,15,0.56521739,0.68750000,0.92857143,0.58333333,1.00000000,0.37500000
mfcc_only,9,sub-009,755,26,15,15,15,0.73076923,0.74375000,0.88750000,0.69565217,0.80000000,0.68750000
mfcc_only,10,sub-010,756,25,15,15,15,0.88000000,0.88194444,0.91666667,0.84210526,0.88888889,0.87500000
mfcc_only,11,sub-011,749,32,15,15,15,0.59375000,0.59375000,0.81250000,0.31578947,0.18750000,1.00000000
mfcc_only,12,sub-012,753,28,15,15,15,0.82142857,0.81250000,0.88541667,0.78260870,0.75000000,0.87500000
mfcc_only,13,sub-013,749,32,15,15,15,0.59375000,0.59375000,0.79296875,0.31578947,0.18750000,1.00000000
mfcc_only,14,sub-014,750,31,15,15,15,0.67741935,0.66875000,0.68750000,0.54545455,0.40000000,0.93750000
mfcc_only,15,sub-015,749,32,15,15,15,0.84375000,0.84375000,0.92187500,0.81481481,0.68750000,1.00000000
mfcc_only,16,sub-016,749,32,15,15,15,0.53125000,0.53125000,0.53125000,0.44444444,0.37500000,0.68750000
mfcc_only,17,sub-017,749,32,15,15,15,0.65625000,0.65625000,0.80078125,0.47619048,0.31250000,1.00000000
mfcc_only,18,sub-018,750,31,15,15,15,0.70967742,0.71875000,0.99166667,0.76923077,1.00000000,0.43750000
mfcc_only,19,sub-019,753,28,15,15,15,0.71428571,0.73958333,0.86979167,0.73333333,0.91666667,0.56250000
mfcc_only,20,sub-020,749,32,15,15,15,0.62500000,0.62500000,0.78515625,0.40000000,0.25000000,1.00000000
mfcc_only,21,sub-021,751,30,15,15,15,0.90000000,0.89732143,0.95982143,0.88888889,0.85714286,0.93750000
mfcc_only,22,sub-022,749,32,15,15,15,0.71875000,0.71875000,0.84765625,0.68965517,0.62500000,0.81250000
mfcc_only,23,sub-023,749,32,15,15,15,0.75000000,0.75000000,0.92578125,0.66666667,0.50000000,1.00000000
mfcc_only,24,sub-024,749,32,15,15,15,0.62500000,0.62500000,0.78125000,0.53846154,0.43750000,0.81250000
mfcc_only,25,sub-025,750,31,15,15,15,0.67741935,0.67916667,0.81666667,0.66666667,0.62500000,0.73333333
mfcc_only,26,sub-026,751,30,15,15,15,0.70000000,0.69642857,0.86607143,0.66666667,0.64285714,0.75000000
ar_only,1,sub-001,751,30,15,15,15,0.73333333,0.74553571,0.92857143,0.76470588,0.92857143,0.56250000
ar_only,2,sub-002,749,32,15,15,15,0.62500000,0.62500000,0.71875000,0.64705882,0.68750000,0.56250000
ar_only,3,sub-003,749,32,15,15,15,0.53125000,0.53125000,0.85937500,0.68085106,1.00000000,0.06250000
ar_only,4,sub-004,750,31,15,15,15,0.74193548,0.75000000,0.95833333,0.78947368,1.00000000,0.50000000
ar_only,5,sub-005,749,32,15,15,15,0.59375000,0.59375000,0.59375000,0.51851852,0.43750000,0.75000000
ar_only,6,sub-006,758,23,15,15,15,1.00000000,1.00000000,1.00000000,1.00000000,1.00000000,1.00000000
ar_only,7,sub-007,751,30,15,15,15,0.63333333,0.65178571,0.73660714,0.70270270,0.92857143,0.37500000
ar_only,8,sub-008,758,23,15,15,15,0.34782609,0.53125000,1.00000000,0.48275862,1.00000000,0.06250000
ar_only,9,sub-009,755,26,15,15,15,0.92307692,0.93750000,1.00000000,0.90909091,1.00000000,0.87500000
ar_only,10,sub-010,756,25,15,15,15,0.76000000,0.69097222,0.89583333,0.57142857,0.44444444,0.93750000
ar_only,11,sub-011,749,32,15,15,15,0.84375000,0.84375000,0.92578125,0.84848485,0.87500000,0.81250000
ar_only,12,sub-012,753,28,15,15,15,0.78571429,0.76041667,0.86979167,0.70000000,0.58333333,0.93750000
ar_only,13,sub-013,749,32,15,15,15,0.53125000,0.53125000,0.85156250,0.21052632,0.12500000,0.93750000
ar_only,14,sub-014,750,31,15,15,15,0.51612903,0.50000000,0.80833333,0.00000000,0.00000000,1.00000000
ar_only,15,sub-015,749,32,15,15,15,0.93750000,0.93750000,0.98046875,0.93750000,0.93750000,0.93750000
ar_only,16,sub-016,749,32,15,15,15,0.50000000,0.50000000,0.41796875,0.00000000,0.00000000,1.00000000
ar_only,17,sub-017,749,32,15,15,15,0.62500000,0.62500000,0.75781250,0.45454545,0.31250000,0.93750000
ar_only,18,sub-018,750,31,15,15,15,0.61290323,0.62500000,1.00000000,0.71428571,1.00000000,0.25000000
ar_only,19,sub-019,753,28,15,15,15,0.64285714,0.66666667,0.84895833,0.66666667,0.83333333,0.50000000
ar_only,20,sub-020,749,32,15,15,15,0.50000000,0.50000000,0.85546875,0.00000000,0.00000000,1.00000000
ar_only,21,sub-021,751,30,15,15,15,0.80000000,0.79017857,0.86160714,0.75000000,0.64285714,0.93750000
ar_only,22,sub-022,749,32,15,15,15,0.75000000,0.75000000,0.85937500,0.69230769,0.56250000,0.93750000
ar_only,23,sub-023,749,32,15,15,15,0.50000000,0.50000000,0.71875000,0.20000000,0.12500000,0.87500000
ar_only,24,sub-024,749,32,15,15,15,0.62500000,0.62500000,0.74609375,0.60000000,0.56250000,0.68750000
ar_only,25,sub-025,750,31,15,15,15,0.54838710,0.56250000,0.80833333,0.22222222,0.12500000,1.00000000
ar_only,26,sub-026,751,30,15,15,15,0.83333333,0.83482143,0.88392857,0.82758621,0.85714286,0.81250000
spectral_only,1,sub-001,751,30,45,45,45,0.86666667,0.86607143,0.90625000,0.85714286,0.85714286,0.87500000
spectral_only,2,sub-002,749,32,45,45,45,0.62500000,0.62500000,0.80078125,0.68421053,0.81250000,0.43750000
spectral_only,3,sub-003,749,32,45,45,45,0.46875000,0.46875000,0.36328125,0.48484848,0.50000000,0.43750000
spectral_only,4,sub-004,750,31,45,45,45,0.77419355,0.77916667,0.95000000,0.80000000,0.93333333,0.62500000
spectral_only,5,sub-005,749,32,45,45,45,0.59375000,0.59375000,0.57812500,0.31578947,0.18750000,1.00000000
spectral_only,6,sub-006,758,23,45,45,45,0.60869565,0.64166667,0.85000000,0.57142857,0.75000000,0.53333333
spectral_only,7,sub-007,751,30,45,45,45,0.76666667,0.75892857,0.89285714,0.72000000,0.64285714,0.87500000
spectral_only,8,sub-008,758,23,45,45,45,0.65217391,0.75000000,0.96428571,0.63636364,1.00000000,0.50000000
spectral_only,9,sub-009,755,26,45,45,45,0.76923077,0.77500000,0.85625000,0.72727273,0.80000000,0.75000000
spectral_only,10,sub-010,756,25,45,45,45,0.88000000,0.85763889,0.97222222,0.82352941,0.77777778,0.93750000
spectral_only,11,sub-011,749,32,45,45,45,0.71875000,0.71875000,0.81250000,0.72727273,0.75000000,0.68750000
spectral_only,12,sub-012,753,28,45,45,45,0.75000000,0.72916667,0.82812500,0.66666667,0.58333333,0.87500000
spectral_only,13,sub-013,749,32,45,45,45,0.50000000,0.50000000,0.73437500,0.11111111,0.06250000,0.93750000
spectral_only,14,sub-014,750,31,45,45,45,0.48387097,0.49583333,0.44166667,0.61904762,0.86666667,0.12500000
spectral_only,15,sub-015,749,32,45,45,45,0.90625000,0.90625000,0.96093750,0.91428571,1.00000000,0.81250000
spectral_only,16,sub-016,749,32,45,45,45,0.68750000,0.68750000,0.71484375,0.75000000,0.93750000,0.43750000
spectral_only,17,sub-017,749,32,45,45,45,0.46875000,0.46875000,0.71875000,0.00000000,0.00000000,0.93750000
spectral_only,18,sub-018,750,31,45,45,45,0.77419355,0.77500000,0.89166667,0.77419355,0.80000000,0.75000000
spectral_only,19,sub-019,753,28,45,45,45,0.71428571,0.70833333,0.82812500,0.66666667,0.66666667,0.75000000
spectral_only,20,sub-020,749,32,45,45,45,0.53125000,0.53125000,0.92187500,0.11764706,0.06250000,1.00000000
spectral_only,21,sub-021,751,30,45,45,45,0.66666667,0.67857143,0.81250000,0.70588235,0.85714286,0.50000000
spectral_only,22,sub-022,749,32,45,45,45,0.87500000,0.87500000,0.84375000,0.87500000,0.87500000,0.87500000
spectral_only,23,sub-023,749,32,45,45,45,0.71875000,0.71875000,0.73828125,0.64000000,0.50000000,0.93750000
spectral_only,24,sub-024,749,32,45,45,45,0.46875000,0.46875000,0.59375000,0.10526316,0.06250000,0.87500000
spectral_only,25,sub-025,750,31,45,45,45,0.74193548,0.75000000,0.92500000,0.66666667,0.50000000,1.00000000
spectral_only,26,sub-026,751,30,45,45,45,0.63333333,0.62053571,0.61607143,0.52173913,0.42857143,0.81250000
connectivity_only,1,sub-001,751,30,18,18,18,0.83333333,0.82589286,0.85267857,0.80000000,0.71428571,0.93750000
connectivity_only,2,sub-002,749,32,18,18,18,0.65625000,0.65625000,0.73437500,0.56000000,0.43750000,0.87500000
connectivity_only,3,sub-003,749,32,18,18,18,0.65625000,0.65625000,0.85156250,0.56000000,0.43750000,0.87500000
connectivity_only,4,sub-004,750,31,18,18,18,0.77419355,0.77708333,0.85833333,0.78787879,0.86666667,0.68750000
connectivity_only,5,sub-005,749,32,18,18,18,0.50000000,0.50000000,0.51953125,0.33333333,0.25000000,0.75000000
connectivity_only,6,sub-006,758,23,18,18,18,0.78260870,0.80416667,0.87500000,0.73684211,0.87500000,0.73333333
connectivity_only,7,sub-007,751,30,18,18,18,0.53333333,0.52232143,0.60714286,0.41666667,0.35714286,0.68750000
connectivity_only,8,sub-008,758,23,18,18,18,0.65217391,0.70982143,0.81250000,0.60000000,0.85714286,0.56250000
connectivity_only,9,sub-009,755,26,18,18,18,0.38461538,0.36875000,0.22500000,0.27272727,0.30000000,0.43750000
connectivity_only,10,sub-010,756,25,18,18,18,0.64000000,0.69444444,0.82638889,0.64000000,0.88888889,0.50000000
connectivity_only,11,sub-011,749,32,18,18,18,0.62500000,0.62500000,0.65625000,0.53846154,0.43750000,0.81250000
connectivity_only,12,sub-012,753,28,18,18,18,0.96428571,0.95833333,0.97395833,0.95652174,0.91666667,1.00000000
connectivity_only,13,sub-013,749,32,18,18,18,0.59375000,0.59375000,0.62109375,0.71111111,1.00000000,0.18750000
connectivity_only,14,sub-014,750,31,18,18,18,0.48387097,0.50000000,0.54583333,0.65217391,1.00000000,0.00000000
connectivity_only,15,sub-015,749,32,18,18,18,0.56250000,0.56250000,0.66406250,0.61111111,0.68750000,0.43750000
connectivity_only,16,sub-016,749,32,18,18,18,0.53125000,0.53125000,0.58593750,0.11764706,0.06250000,1.00000000
connectivity_only,17,sub-017,749,32,18,18,18,0.65625000,0.65625000,0.80078125,0.59259259,0.50000000,0.81250000
connectivity_only,18,sub-018,750,31,18,18,18,0.70967742,0.71250000,0.84583333,0.72727273,0.80000000,0.62500000
connectivity_only,19,sub-019,753,28,18,18,18,0.75000000,0.73958333,0.76041667,0.69565217,0.66666667,0.81250000
connectivity_only,20,sub-020,749,32,18,18,18,0.56250000,0.56250000,0.62500000,0.22222222,0.12500000,1.00000000
connectivity_only,21,sub-021,751,30,18,18,18,0.76666667,0.76339286,0.87053571,0.74074074,0.71428571,0.81250000
connectivity_only,22,sub-022,749,32,18,18,18,0.62500000,0.62500000,0.70312500,0.50000000,0.37500000,0.87500000
connectivity_only,23,sub-023,749,32,18,18,18,0.53125000,0.53125000,0.56250000,0.11764706,0.06250000,1.00000000
connectivity_only,24,sub-024,749,32,18,18,18,0.53125000,0.53125000,0.72656250,0.21052632,0.12500000,0.93750000
connectivity_only,25,sub-025,750,31,18,18,18,0.58064516,0.59166667,0.66250000,0.38095238,0.25000000,0.93333333
connectivity_only,26,sub-026,751,30,18,18,18,0.46666667,0.45982143,0.40178571,0.38461538,0.35714286,0.56250000
all_expanded_only,1,sub-001,751,30,165,165,60,0.93333333,0.93303571,0.91964286,0.92857143,0.92857143,0.93750000
all_expanded_only,2,sub-002,749,32,165,165,60,0.71875000,0.71875000,0.87890625,0.64000000,0.50000000,0.93750000
all_expanded_only,3,sub-003,749,32,165,165,60,0.87500000,0.87500000,0.99218750,0.88888889,1.00000000,0.75000000
all_expanded_only,4,sub-004,750,31,165,165,60,0.90322581,0.90625000,1.00000000,0.90909091,1.00000000,0.81250000
all_expanded_only,5,sub-005,749,32,165,165,60,0.59375000,0.59375000,0.78125000,0.31578947,0.18750000,1.00000000
all_expanded_only,6,sub-006,758,23,165,165,60,0.78260870,0.80416667,0.94166667,0.73684211,0.87500000,0.73333333
all_expanded_only,7,sub-007,751,30,165,165,60,0.80000000,0.79910714,0.81696429,0.78571429,0.78571429,0.81250000
all_expanded_only,8,sub-008,758,23,165,165,60,0.69565217,0.78125000,1.00000000,0.66666667,1.00000000,0.56250000
all_expanded_only,9,sub-009,755,26,165,165,60,0.69230769,0.67500000,0.89375000,0.60000000,0.60000000,0.75000000
all_expanded_only,10,sub-010,756,25,165,165,60,0.80000000,0.81944444,0.85416667,0.76190476,0.88888889,0.75000000
all_expanded_only,11,sub-011,749,32,165,165,60,0.68750000,0.68750000,0.97265625,0.54545455,0.37500000,1.00000000
all_expanded_only,12,sub-012,753,28,165,165,60,0.71428571,0.67708333,0.90104167,0.55555556,0.41666667,0.93750000
all_expanded_only,13,sub-013,749,32,165,165,60,0.75000000,0.75000000,0.95312500,0.69230769,0.56250000,0.93750000
all_expanded_only,14,sub-014,750,31,165,165,60,0.48387097,0.49583333,0.51666667,0.61904762,0.86666667,0.12500000
all_expanded_only,15,sub-015,749,32,165,165,60,1.00000000,1.00000000,1.00000000,1.00000000,1.00000000,1.00000000
all_expanded_only,16,sub-016,749,32,165,165,60,0.62500000,0.62500000,0.69921875,0.40000000,0.25000000,1.00000000
all_expanded_only,17,sub-017,749,32,165,165,60,0.59375000,0.59375000,0.92578125,0.31578947,0.18750000,1.00000000
all_expanded_only,18,sub-018,750,31,165,165,60,0.90322581,0.90625000,1.00000000,0.90909091,1.00000000,0.81250000
all_expanded_only,19,sub-019,753,28,165,165,60,0.89285714,0.88541667,0.94791667,0.86956522,0.83333333,0.93750000
all_expanded_only,20,sub-020,749,32,165,165,60,0.75000000,0.75000000,0.79687500,0.66666667,0.50000000,1.00000000
all_expanded_only,21,sub-021,751,30,165,165,60,0.90000000,0.89285714,0.93303571,0.88000000,0.78571429,1.00000000
all_expanded_only,22,sub-022,749,32,165,165,60,0.78125000,0.78125000,0.86328125,0.74074074,0.62500000,0.93750000
all_expanded_only,23,sub-023,749,32,165,165,60,0.65625000,0.65625000,0.89843750,0.47619048,0.31250000,1.00000000
all_expanded_only,24,sub-024,749,32,165,165,60,0.81250000,0.81250000,0.94921875,0.76923077,0.62500000,1.00000000
all_expanded_only,25,sub-025,750,31,165,165,60,0.70967742,0.71666667,0.90833333,0.64000000,0.50000000,0.93333333
all_expanded_only,26,sub-026,751,30,165,165,60,0.66666667,0.65625000,0.81250000,0.58333333,0.50000000,0.81250000
baseline_plus_wavelet,1,sub-001,751,30,153,18,60,0.90000000,0.90178571,0.91517857,0.89655172,0.92857143,0.87500000
baseline_plus_wavelet,2,sub-002,749,32,153,18,60,0.68750000,0.68750000,0.83984375,0.54545455,0.37500000,1.00000000
baseline_plus_wavelet,3,sub-003,749,32,153,18,60,0.78125000,0.78125000,0.94140625,0.81081081,0.93750000,0.62500000
baseline_plus_wavelet,4,sub-004,750,31,153,18,60,0.90322581,0.90416667,0.93333333,0.90322581,0.93333333,0.87500000
baseline_plus_wavelet,5,sub-005,749,32,153,18,60,0.62500000,0.62500000,0.66796875,0.40000000,0.25000000,1.00000000
baseline_plus_wavelet,6,sub-006,758,23,153,18,60,0.78260870,0.83333333,0.91666667,0.76190476,1.00000000,0.66666667
baseline_plus_wavelet,7,sub-007,751,30,153,18,60,0.76666667,0.75892857,0.84821429,0.72000000,0.64285714,0.87500000
baseline_plus_wavelet,8,sub-008,758,23,153,18,60,0.73913043,0.81250000,0.98214286,0.70000000,1.00000000,0.62500000
baseline_plus_wavelet,9,sub-009,755,26,153,18,60,0.69230769,0.73125000,0.88125000,0.69230769,0.90000000,0.56250000
baseline_plus_wavelet,10,sub-010,756,25,153,18,60,0.92000000,0.93750000,0.95138889,0.90000000,1.00000000,0.87500000
baseline_plus_wavelet,11,sub-011,749,32,153,18,60,0.75000000,0.75000000,0.87890625,0.75000000,0.75000000,0.75000000
baseline_plus_wavelet,12,sub-012,753,28,153,18,60,0.71428571,0.68750000,0.83333333,0.60000000,0.50000000,0.87500000
baseline_plus_wavelet,13,sub-013,749,32,153,18,60,0.71875000,0.71875000,0.88281250,0.64000000,0.50000000,0.93750000
baseline_plus_wavelet,14,sub-014,750,31,153,18,60,0.45161290,0.46666667,0.57916667,0.62222222,0.93333333,0.00000000
baseline_plus_wavelet,15,sub-015,749,32,153,18,60,0.90625000,0.90625000,1.00000000,0.91428571,1.00000000,0.81250000
baseline_plus_wavelet,16,sub-016,749,32,153,18,60,0.65625000,0.65625000,0.71875000,0.52173913,0.37500000,0.93750000
baseline_plus_wavelet,17,sub-017,749,32,153,18,60,0.62500000,0.62500000,0.91015625,0.40000000,0.25000000,1.00000000
baseline_plus_wavelet,18,sub-018,750,31,153,18,60,0.80645161,0.80833333,0.95416667,0.81250000,0.86666667,0.75000000
baseline_plus_wavelet,19,sub-019,753,28,153,18,60,0.75000000,0.73958333,0.88541667,0.69565217,0.66666667,0.81250000
baseline_plus_wavelet,20,sub-020,749,32,153,18,60,0.71875000,0.71875000,0.93359375,0.60869565,0.43750000,1.00000000
baseline_plus_wavelet,21,sub-021,751,30,153,18,60,0.80000000,0.81250000,0.92410714,0.82352941,1.00000000,0.62500000
baseline_plus_wavelet,22,sub-022,749,32,153,18,60,0.75000000,0.75000000,0.90234375,0.71428571,0.62500000,0.87500000
baseline_plus_wavelet,23,sub-023,749,32,153,18,60,0.81250000,0.81250000,0.98437500,0.76923077,0.62500000,1.00000000
baseline_plus_wavelet,24,sub-024,749,32,153,18,60,0.62500000,0.62500000,0.93359375,0.45454545,0.31250000,0.93750000
baseline_plus_wavelet,25,sub-025,750,31,153,18,60,0.70967742,0.71666667,0.85000000,0.64000000,0.50000000,0.93333333
baseline_plus_wavelet,26,sub-026,751,30,153,18,60,0.70000000,0.69642857,0.76339286,0.66666667,0.64285714,0.75000000
baseline_plus_mfcc,1,sub-001,751,30,150,15,60,0.90000000,0.90178571,0.93303571,0.89655172,0.92857143,0.87500000
baseline_plus_mfcc,2,sub-002,749,32,150,15,60,0.68750000,0.68750000,0.89062500,0.54545455,0.37500000,1.00000000
baseline_plus_mfcc,3,sub-003,749,32,150,15,60,0.81250000,0.81250000,0.93359375,0.83333333,0.93750000,0.68750000
baseline_plus_mfcc,4,sub-004,750,31,150,15,60,0.74193548,0.75000000,0.95416667,0.78947368,1.00000000,0.50000000
baseline_plus_mfcc,5,sub-005,749,32,150,15,60,0.59375000,0.59375000,0.66406250,0.38095238,0.25000000,0.93750000
baseline_plus_mfcc,6,sub-006,758,23,150,15,60,0.73913043,0.80000000,0.89166667,0.72727273,1.00000000,0.60000000
baseline_plus_mfcc,7,sub-007,751,30,150,15,60,0.73333333,0.72767857,0.83928571,0.69230769,0.64285714,0.81250000
baseline_plus_mfcc,8,sub-008,758,23,150,15,60,0.73913043,0.81250000,1.00000000,0.70000000,1.00000000,0.62500000
baseline_plus_mfcc,9,sub-009,755,26,150,15,60,0.76923077,0.75625000,0.86250000,0.70000000,0.70000000,0.81250000
baseline_plus_mfcc,10,sub-010,756,25,150,15,60,0.76000000,0.78819444,0.90972222,0.72727273,0.88888889,0.68750000
baseline_plus_mfcc,11,sub-011,749,32,150,15,60,0.81250000,0.81250000,0.85546875,0.76923077,0.62500000,1.00000000
baseline_plus_mfcc,12,sub-012,753,28,150,15,60,0.85714286,0.85416667,0.91145833,0.83333333,0.83333333,0.87500000
baseline_plus_mfcc,13,sub-013,749,32,150,15,60,0.59375000,0.59375000,0.76953125,0.43478261,0.31250000,0.87500000
baseline_plus_mfcc,14,sub-014,750,31,150,15,60,0.48387097,0.49583333,0.46250000,0.61904762,0.86666667,0.12500000
baseline_plus_mfcc,15,sub-015,749,32,150,15,60,0.90625000,0.90625000,0.98828125,0.91428571,1.00000000,0.81250000
baseline_plus_mfcc,16,sub-016,749,32,150,15,60,0.59375000,0.59375000,0.72656250,0.51851852,0.43750000,0.75000000
baseline_plus_mfcc,17,sub-017,749,32,150,15,60,0.65625000,0.65625000,0.85546875,0.47619048,0.31250000,1.00000000
baseline_plus_mfcc,18,sub-018,750,31,150,15,60,0.93548387,0.93333333,0.98333333,0.92857143,0.86666667,1.00000000
baseline_plus_mfcc,19,sub-019,753,28,150,15,60,0.85714286,0.85416667,0.90625000,0.83333333,0.83333333,0.87500000
baseline_plus_mfcc,20,sub-020,749,32,150,15,60,0.75000000,0.75000000,0.90625000,0.66666667,0.50000000,1.00000000
baseline_plus_mfcc,21,sub-021,751,30,150,15,60,0.83333333,0.83482143,0.92857143,0.82758621,0.85714286,0.81250000
baseline_plus_mfcc,22,sub-022,749,32,150,15,60,0.87500000,0.87500000,0.91406250,0.86666667,0.81250000,0.93750000
baseline_plus_mfcc,23,sub-023,749,32,150,15,60,0.78125000,0.78125000,0.94921875,0.72000000,0.56250000,1.00000000
baseline_plus_mfcc,24,sub-024,749,32,150,15,60,0.56250000,0.56250000,0.80859375,0.30000000,0.18750000,0.93750000
baseline_plus_mfcc,25,sub-025,750,31,150,15,60,0.74193548,0.74791667,0.82083333,0.69230769,0.56250000,0.93333333
baseline_plus_mfcc,26,sub-026,751,30,150,15,60,0.73333333,0.72767857,0.76339286,0.69230769,0.64285714,0.81250000
baseline_plus_ar,1,sub-001,751,30,150,15,60,0.93333333,0.93303571,0.93750000,0.92857143,0.92857143,0.93750000
baseline_plus_ar,2,sub-002,749,32,150,15,60,0.75000000,0.75000000,0.92578125,0.69230769,0.56250000,0.93750000
baseline_plus_ar,3,sub-003,749,32,150,15,60,0.56250000,0.56250000,0.91015625,0.68181818,0.93750000,0.18750000
baseline_plus_ar,4,sub-004,750,31,150,15,60,0.83870968,0.84375000,0.94583333,0.85714286,1.00000000,0.68750000
baseline_plus_ar,5,sub-005,749,32,150,15,60,0.56250000,0.56250000,0.64453125,0.30000000,0.18750000,0.93750000
baseline_plus_ar,6,sub-006,758,23,150,15,60,0.86956522,0.90000000,0.95000000,0.84210526,1.00000000,0.80000000
baseline_plus_ar,7,sub-007,751,30,150,15,60,0.73333333,0.73214286,0.78125000,0.71428571,0.71428571,0.75000000
baseline_plus_ar,8,sub-008,758,23,150,15,60,0.91304348,0.93750000,1.00000000,0.87500000,1.00000000,0.87500000
baseline_plus_ar,9,sub-009,755,26,150,15,60,0.73076923,0.74375000,0.83750000,0.69565217,0.80000000,0.68750000
baseline_plus_ar,10,sub-010,756,25,150,15,60,0.76000000,0.76388889,0.81250000,0.70000000,0.77777778,0.75000000
baseline_plus_ar,11,sub-011,749,32,150,15,60,0.68750000,0.68750000,0.89453125,0.75000000,0.93750000,0.43750000
baseline_plus_ar,12,sub-012,753,28,150,15,60,0.82142857,0.81250000,0.90625000,0.78260870,0.75000000,0.87500000
baseline_plus_ar,13,sub-013,749,32,150,15,60,0.71875000,0.71875000,0.71875000,0.64000000,0.50000000,0.93750000
baseline_plus_ar,14,sub-014,750,31,150,15,60,0.48387097,0.50000000,0.50000000,0.65217391,1.00000000,0.00000000
baseline_plus_ar,15,sub-015,749,32,150,15,60,0.90625000,0.90625000,0.99218750,0.91428571,1.00000000,0.81250000
baseline_plus_ar,16,sub-016,749,32,150,15,60,0.56250000,0.56250000,0.60156250,0.22222222,0.12500000,1.00000000
baseline_plus_ar,17,sub-017,749,32,150,15,60,0.59375000,0.59375000,0.84375000,0.31578947,0.18750000,1.00000000
baseline_plus_ar,18,sub-018,750,31,150,15,60,0.87096774,0.87291667,0.93333333,0.87500000,0.93333333,0.81250000
baseline_plus_ar,19,sub-019,753,28,150,15,60,0.75000000,0.72916667,0.85416667,0.66666667,0.58333333,0.87500000
baseline_plus_ar,20,sub-020,749,32,150,15,60,0.56250000,0.56250000,0.92187500,0.22222222,0.12500000,1.00000000
baseline_plus_ar,21,sub-021,751,30,150,15,60,0.80000000,0.79910714,0.87500000,0.78571429,0.78571429,0.81250000
baseline_plus_ar,22,sub-022,749,32,150,15,60,0.65625000,0.65625000,0.86718750,0.52173913,0.37500000,0.93750000
baseline_plus_ar,23,sub-023,749,32,150,15,60,0.78125000,0.78125000,0.90625000,0.72000000,0.56250000,1.00000000
baseline_plus_ar,24,sub-024,749,32,150,15,60,0.53125000,0.53125000,0.77734375,0.21052632,0.12500000,0.93750000
baseline_plus_ar,25,sub-025,750,31,150,15,60,0.74193548,0.75000000,0.81666667,0.66666667,0.50000000,1.00000000
baseline_plus_ar,26,sub-026,751,30,150,15,60,0.70000000,0.69196429,0.66517857,0.64000000,0.57142857,0.81250000
baseline_plus_spectral,1,sub-001,751,30,180,45,60,0.93333333,0.92857143,0.93303571,0.92307692,0.85714286,1.00000000
baseline_plus_spectral,2,sub-002,749,32,180,45,60,0.71875000,0.71875000,0.78906250,0.70967742,0.68750000,0.75000000
baseline_plus_spectral,3,sub-003,749,32,180,45,60,0.59375000,0.59375000,0.91406250,0.69767442,0.93750000,0.25000000
baseline_plus_spectral,4,sub-004,750,31,180,45,60,0.87096774,0.87500000,0.95000000,0.88235294,1.00000000,0.75000000
baseline_plus_spectral,5,sub-005,749,32,180,45,60,0.53125000,0.53125000,0.68359375,0.21052632,0.12500000,0.93750000
baseline_plus_spectral,6,sub-006,758,23,180,45,60,0.91304348,0.93333333,0.96666667,0.88888889,1.00000000,0.86666667
baseline_plus_spectral,7,sub-007,751,30,180,45,60,0.80000000,0.79464286,0.82142857,0.76923077,0.71428571,0.87500000
baseline_plus_spectral,8,sub-008,758,23,180,45,60,0.65217391,0.75000000,0.97321429,0.63636364,1.00000000,0.50000000
baseline_plus_spectral,9,sub-009,755,26,180,45,60,0.69230769,0.73125000,0.81875000,0.69230769,0.90000000,0.56250000
baseline_plus_spectral,10,sub-010,756,25,180,45,60,0.84000000,0.85069444,0.88888889,0.80000000,0.88888889,0.81250000
baseline_plus_spectral,11,sub-011,749,32,180,45,60,0.81250000,0.81250000,0.91406250,0.83333333,0.93750000,0.68750000
baseline_plus_spectral,12,sub-012,753,28,180,45,60,0.89285714,0.89583333,0.90625000,0.88000000,0.91666667,0.87500000
baseline_plus_spectral,13,sub-013,749,32,180,45,60,0.65625000,0.65625000,0.76562500,0.47619048,0.31250000,1.00000000
baseline_plus_spectral,14,sub-014,750,31,180,45,60,0.48387097,0.50000000,0.42500000,0.65217391,1.00000000,0.00000000
baseline_plus_spectral,15,sub-015,749,32,180,45,60,0.90625000,0.90625000,0.98437500,0.91428571,1.00000000,0.81250000
baseline_plus_spectral,16,sub-016,749,32,180,45,60,0.50000000,0.50000000,0.59375000,0.00000000,0.00000000,1.00000000
baseline_plus_spectral,17,sub-017,749,32,180,45,60,0.53125000,0.53125000,0.77343750,0.21052632,0.12500000,0.93750000
baseline_plus_spectral,18,sub-018,750,31,180,45,60,0.87096774,0.86875000,0.94583333,0.85714286,0.80000000,0.93750000
baseline_plus_spectral,19,sub-019,753,28,180,45,60,0.67857143,0.66666667,0.82812500,0.60869565,0.58333333,0.75000000
baseline_plus_spectral,20,sub-020,749,32,180,45,60,0.59375000,0.59375000,0.92187500,0.31578947,0.18750000,1.00000000
baseline_plus_spectral,21,sub-021,751,30,180,45,60,0.73333333,0.74107143,0.87053571,0.75000000,0.85714286,0.62500000
baseline_plus_spectral,22,sub-022,749,32,180,45,60,0.81250000,0.81250000,0.86328125,0.78571429,0.68750000,0.93750000
baseline_plus_spectral,23,sub-023,749,32,180,45,60,0.75000000,0.75000000,0.82812500,0.66666667,0.50000000,1.00000000
baseline_plus_spectral,24,sub-024,749,32,180,45,60,0.46875000,0.46875000,0.68750000,0.10526316,0.06250000,0.87500000
baseline_plus_spectral,25,sub-025,750,31,180,45,60,0.77419355,0.78125000,0.89166667,0.72000000,0.56250000,1.00000000
baseline_plus_spectral,26,sub-026,751,30,180,45,60,0.60000000,0.59375000,0.62946429,0.53846154,0.50000000,0.68750000
baseline_plus_connectivity,1,sub-001,751,30,153,18,60,0.90000000,0.90178571,0.92410714,0.89655172,0.92857143,0.87500000
baseline_plus_connectivity,2,sub-002,749,32,153,18,60,0.71875000,0.71875000,0.88281250,0.60869565,0.43750000,1.00000000
baseline_plus_connectivity,3,sub-003,749,32,153,18,60,0.75000000,0.75000000,0.91406250,0.78947368,0.93750000,0.56250000
baseline_plus_connectivity,4,sub-004,750,31,153,18,60,0.83870968,0.84166667,0.95000000,0.84848485,0.93333333,0.75000000
baseline_plus_connectivity,5,sub-005,749,32,153,18,60,0.56250000,0.56250000,0.64062500,0.36363636,0.25000000,0.87500000
baseline_plus_connectivity,6,sub-006,758,23,153,18,60,0.91304348,0.93333333,0.95000000,0.88888889,1.00000000,0.86666667
baseline_plus_connectivity,7,sub-007,751,30,153,18,60,0.73333333,0.72767857,0.77678571,0.69230769,0.64285714,0.81250000
baseline_plus_connectivity,8,sub-008,758,23,153,18,60,0.82608696,0.87500000,1.00000000,0.77777778,1.00000000,0.75000000
baseline_plus_connectivity,9,sub-009,755,26,153,18,60,0.69230769,0.69375000,0.77500000,0.63636364,0.70000000,0.68750000
baseline_plus_connectivity,10,sub-010,756,25,153,18,60,0.72000000,0.73263889,0.82638889,0.66666667,0.77777778,0.68750000
baseline_plus_connectivity,11,sub-011,749,32,153,18,60,0.62500000,0.62500000,0.87890625,0.70000000,0.87500000,0.37500000
baseline_plus_connectivity,12,sub-012,753,28,153,18,60,0.85714286,0.84375000,0.92708333,0.81818182,0.75000000,0.93750000
baseline_plus_connectivity,13,sub-013,749,32,153,18,60,0.62500000,0.62500000,0.72656250,0.45454545,0.31250000,0.93750000
baseline_plus_connectivity,14,sub-014,750,31,153,18,60,0.48387097,0.50000000,0.42083333,0.65217391,1.00000000,0.00000000
baseline_plus_connectivity,15,sub-015,749,32,153,18,60,0.87500000,0.87500000,0.99609375,0.88888889,1.00000000,0.75000000
baseline_plus_connectivity,16,sub-016,749,32,153,18,60,0.59375000,0.59375000,0.66406250,0.31578947,0.18750000,1.00000000
baseline_plus_connectivity,17,sub-017,749,32,153,18,60,0.56250000,0.56250000,0.85546875,0.22222222,0.12500000,1.00000000
baseline_plus_connectivity,18,sub-018,750,31,153,18,60,0.90322581,0.90416667,0.94166667,0.90322581,0.93333333,0.87500000
baseline_plus_connectivity,19,sub-019,753,28,153,18,60,0.85714286,0.84375000,0.90625000,0.81818182,0.75000000,0.93750000
baseline_plus_connectivity,20,sub-020,749,32,153,18,60,0.53125000,0.53125000,0.95703125,0.11764706,0.06250000,1.00000000
baseline_plus_connectivity,21,sub-021,751,30,153,18,60,0.83333333,0.83035714,0.91964286,0.81481481,0.78571429,0.87500000
baseline_plus_connectivity,22,sub-022,749,32,153,18,60,0.68750000,0.68750000,0.82421875,0.61538462,0.50000000,0.87500000
baseline_plus_connectivity,23,sub-023,749,32,153,18,60,0.75000000,0.75000000,0.91015625,0.66666667,0.50000000,1.00000000
baseline_plus_connectivity,24,sub-024,749,32,153,18,60,0.62500000,0.62500000,0.75781250,0.45454545,0.31250000,0.93750000
baseline_plus_connectivity,25,sub-025,750,31,153,18,60,0.67741935,0.68750000,0.82916667,0.54545455,0.37500000,1.00000000
baseline_plus_connectivity,26,sub-026,751,30,153,18,60,0.60000000,0.59375000,0.55357143,0.53846154,0.50000000,0.68750000
baseline_plus_all_expanded,1,sub-001,751,30,300,165,60,0.96666667,0.96428571,0.93750000,0.96296296,0.92857143,1.00000000
baseline_plus_all_expanded,2,sub-002,749,32,300,165,60,0.71875000,0.71875000,0.85156250,0.66666667,0.56250000,0.87500000
baseline_plus_all_expanded,3,sub-003,749,32,300,165,60,0.90625000,0.90625000,0.99609375,0.91428571,1.00000000,0.81250000
baseline_plus_all_expanded,4,sub-004,750,31,300,165,60,0.96774194,0.96875000,1.00000000,0.96774194,1.00000000,0.93750000
baseline_plus_all_expanded,5,sub-005,749,32,300,165,60,0.56250000,0.56250000,0.82031250,0.22222222,0.12500000,1.00000000
baseline_plus_all_expanded,6,sub-006,758,23,300,165,60,0.82608696,0.86666667,0.90833333,0.80000000,1.00000000,0.73333333
baseline_plus_all_expanded,7,sub-007,751,30,300,165,60,0.80000000,0.79910714,0.82589286,0.78571429,0.78571429,0.81250000
baseline_plus_all_expanded,8,sub-008,758,23,300,165,60,0.82608696,0.87500000,1.00000000,0.77777778,1.00000000,0.75000000
baseline_plus_all_expanded,9,sub-009,755,26,300,165,60,0.76923077,0.77500000,0.86875000,0.72727273,0.80000000,0.75000000
baseline_plus_all_expanded,10,sub-010,756,25,300,165,60,0.76000000,0.78819444,0.86805556,0.72727273,0.88888889,0.68750000
baseline_plus_all_expanded,11,sub-011,749,32,300,165,60,0.71875000,0.71875000,0.92968750,0.60869565,0.43750000,1.00000000
baseline_plus_all_expanded,12,sub-012,753,28,300,165,60,0.67857143,0.63541667,0.83333333,0.47058824,0.33333333,0.93750000
baseline_plus_all_expanded,13,sub-013,749,32,300,165,60,0.78125000,0.78125000,0.91796875,0.74074074,0.62500000,0.93750000
baseline_plus_all_expanded,14,sub-014,750,31,300,165,60,0.51612903,0.53125000,0.65000000,0.66666667,1.00000000,0.06250000
baseline_plus_all_expanded,15,sub-015,749,32,300,165,60,0.96875000,0.96875000,1.00000000,0.96969697,1.00000000,0.93750000
baseline_plus_all_expanded,16,sub-016,749,32,300,165,60,0.62500000,0.62500000,0.76171875,0.40000000,0.25000000,1.00000000
baseline_plus_all_expanded,17,sub-017,749,32,300,165,60,0.56250000,0.56250000,0.90234375,0.22222222,0.12500000,1.00000000
baseline_plus_all_expanded,18,sub-018,750,31,300,165,60,0.96774194,0.96875000,1.00000000,0.96774194,1.00000000,0.93750000
baseline_plus_all_expanded,19,sub-019,753,28,300,165,60,0.75000000,0.71875000,0.86979167,0.63157895,0.50000000,0.93750000
baseline_plus_all_expanded,20,sub-020,749,32,300,165,60,0.75000000,0.75000000,0.78906250,0.69230769,0.56250000,0.93750000
baseline_plus_all_expanded,21,sub-021,751,30,300,165,60,0.90000000,0.89732143,0.94642857,0.88888889,0.85714286,0.93750000
baseline_plus_all_expanded,22,sub-022,749,32,300,165,60,0.75000000,0.75000000,0.85546875,0.69230769,0.56250000,0.93750000
baseline_plus_all_expanded,23,sub-023,749,32,300,165,60,0.65625000,0.65625000,0.86718750,0.47619048,0.31250000,1.00000000
baseline_plus_all_expanded,24,sub-024,749,32,300,165,60,0.75000000,0.75000000,0.95703125,0.66666667,0.50000000,1.00000000
baseline_plus_all_expanded,25,sub-025,750,31,300,165,60,0.70967742,0.71666667,0.88333333,0.64000000,0.50000000,0.93333333
baseline_plus_all_expanded,26,sub-026,751,30,300,165,60,0.60000000,0.59375000,0.76339286,0.53846154,0.50000000,0.68750000
