feature,cohens_d,symmetric_auc,directional_auc,mann_whitney_p,abs_cohens_d
CZ_higuchi_fd,-1.358913924108593,0.8322934354802617,0.1677065645197383,6.202576943889997e-58,1.358913924108593
CZ_mfcc3_mean,1.353912013528396,0.8312601192591715,0.8312601192591715,1.383728299150926e-57,1.353912013528396
CZ_wavelet_d1_relative,-1.284744799129979,0.839427924548171,0.16057207545182905,2.2757447040797061e-60,1.284744799129979
CZ_wavelet_d2_relative,-1.23056301350456,0.8306151193249878,0.16938488067501217,2.2804815715188462e-57,1.23056301350456
CZ_dfa,1.1714925454352971,0.8030775711145335,0.8030775711145335,1.6991712105731923e-48,1.1714925454352971
CZ_rms,1.138049318744497,0.8124761415840672,0.8124761415840672,1.941326115047337e-51,1.138049318744497
CZ_zero_cross_rate,-1.1064261064986423,0.7828719609314325,0.21712803906856742,1.7940962578950637e-42,1.1064261064986423
CZ_ptp,1.0907173453176378,0.7936131843251852,0.7936131843251852,1.2676654967862303e-45,1.0907173453176378
CZ_hjorth_mobility,-1.0310337137965322,0.7686622174834472,0.2313377825165528,1.753542056889932e-38,1.0310337137965322
CZ_spectral_edge_95,-1.0307771486644914,0.7718872171543656,0.2281127828456344,2.269813909988788e-39,1.0307771486644914
CZ_arburg1,-1.0305538060287127,0.7833919098579684,0.21660809014203164,1.270972480853777e-42,1.0305538060287127
CZ_arburg_innovation_variance,-1.011324705935284,0.7753162474167095,0.22468375258329054,2.516854782786283e-40,1.011324705935284
CZ_low_gamma_relative,-0.9884688261183854,0.7732759415024549,0.22672405849754504,9.3482202115447e-40,0.9884688261183854
CZ_sample_entropy,-0.9719398983302575,0.7540378312206295,0.24596216877937055,1.3740677105401297e-34,0.9719398983302575
CZ_mfcc1_mean,-0.9366648854404284,0.748015637957588,0.25198436204241204,4.775345258018083e-33,0.9366648854404284
C3_rms,0.9195270630005717,0.7504837499506377,0.7504837499506377,1.1268360740774715e-33,0.9195270630005717
CZ_permutation_entropy,-0.8941924664553912,0.7426450262607116,0.2573549737392884,1.05317291618837e-31,0.8941924664553912
C3_mfcc3_mean,0.892126833044949,0.7443957403677817,0.7443957403677817,3.870200626703036e-32,0.892126833044949
CZ_aperiodic_slope,-0.889744733984647,0.7430859956034698,0.2569140043965302,8.18995588715347e-32,0.889744733984647
CZ_petrosian_fd,-0.887833733430995,0.7410061998973265,0.2589938001026735,2.6704197675018706e-31,0.887833733430995
CZ_std,0.8659797555132368,0.7448564546064843,0.7448564546064843,2.9703591549888227e-32,0.8659797555132368
CZ_mfcc5_mean,0.8619739446317538,0.7300214561202596,0.7300214561202596,1.1646323106049606e-28,0.8619739446317538
CZ_wavelet_d3_relative,-0.8541868717363204,0.7499374744961761,0.2500625255038239,1.553090011147823e-33,0.8541868717363204
CZ_wavelet_entropy,-0.8221145105936403,0.7255591096368256,0.27444089036317443,1.2699994861277608e-27,0.8221145105936403
C3_zero_cross_rate,-0.7864863013001043,0.7230580894838684,0.2769419105161316,4.748568797642664e-27,0.7864863013001043
CZ_hjorth_activity,0.7778149833726643,0.7290078847951137,0.7290078847951137,2.0119958902187096e-28,0.7778149833726643
C4_rms,0.7452118732220435,0.703609366978636,0.703609366978636,8.25418796760357e-23,0.7452118732220435
C4_mfcc3_mean,0.7430673159337632,0.7063802340428332,0.7063802340428332,2.166575483676089e-23,0.7430673159337632
C3_wavelet_d2_relative,-0.742027373176128,0.7429806894917663,0.2570193105082336,8.697238165494148e-32,0.742027373176128
CZ_hjorth_complexity,0.7358499378172707,0.704669009727652,0.704669009727652,4.9594547956759173e-23,0.7358499378172707
CZ_alpha_power,0.731487688031654,0.7216232937119088,0.7216232937119088,1.005507952891647e-26,0.731487688031654
CZ_mfcc2_mean,-0.7251614926111942,0.7007002856428279,0.299299714357172,3.298124086542164e-22,0.7251614926111942
C4_zero_cross_rate,-0.7226767957578254,0.7006739591149022,0.29932604088509784,3.3391501478657857e-22,0.7226767957578254
CZ_spectral_centroid,-0.7226590906180046,0.7010425305058643,0.2989574694941357,2.80499272350802e-22,0.7226590906180046
C3_higuchi_fd,-0.7224263562486577,0.7170095696929011,0.2829904303070989,1.086264636678295e-25,0.7224263562486577
C3_wavelet_d1_relative,-0.6953745439903637,0.7409206386815674,0.2590793613184325,2.803600397442555e-31,0.6953745439903637
CZ_lziv,-0.6920051222369379,0.6847299556398004,0.31527004436019956,4.673869268248035e-19,0.6920051222369379
C4_wavelet_d2_relative,-0.6627162088687386,0.7117179375798023,0.2882820624201977,1.5668992320107224e-24,0.6627162088687386
C4_wavelet_entropy,-0.6618459614227632,0.6844304913846437,0.31556950861535626,5.327268884648022e-19,0.6618459614227632
C3_mfcc5_mean,0.652164050844955,0.6781187063144177,0.6781187063144177,7.93934203612391e-18,0.652164050844955
C3_wavelet_entropy,-0.6454651084801711,0.6816727875844094,0.3183272124155906,1.7539953159447816e-18,0.6454651084801711
CZ_wavelet_approx_relative,0.6341853598853605,0.7034579894430624,0.7034579894430624,8.875405792551261e-23,0.6341853598853605
CZ_arburg2,0.6289200080886841,0.6821795732469824,0.6821795732469824,1.4108903349831299e-18,0.6289200080886841
CZ_spectral_entropy,-0.6284585393148128,0.6691808500835867,0.33081914991641326,3.1123219886418745e-16,0.6284585393148128
CZ_beta_relative,-0.6242374668661913,0.6840619199936816,0.3159380800063184,6.253353840452764e-19,0.6242374668661913
CZ_arburg4,0.6199762462890669,0.6803038081322645,0.6803038081322645,3.1485589747704706e-18,0.6199762462890669
C4_wavelet_d1_relative,-0.6125226142654542,0.7105003356632311,0.28949966433676894,2.8692865698146687e-24,0.6125226142654542
C3_wavelet_d3_relative,-0.6055634484896346,0.6874580420961182,0.31254195790388184,1.4111606359656203e-19,0.6055634484896346
C4_wavelet_d3_relative,-0.5989249944910717,0.6769405941897353,0.32305940581026477,1.3012718226302273e-17,0.5989249944910717
CZ_delta_power,0.592056174781763,0.6627176874777869,0.6627176874777869,3.940297118323536e-15,0.592056174781763
C4_mfcc2_mean,-0.5920294444888076,0.6653503402703734,0.33464965972962657,1.4174266183870913e-15,0.5920294444888076
C3_dfa,0.5891665291841005,0.6856020218773446,0.6856020218773446,3.194086050282104e-19,0.5891665291841005
C3-C4_correlation,0.5779654760404399,0.6673379931287761,0.6673379931287761,6.481517018181553e-16,0.5779654760404399
C3_std,0.572410503881153,0.6506074846318893,0.6506074846318893,3.540435697176206e-13,0.572410503881153
CZ_arburg3,-0.5638855773694591,0.6630072792849715,0.3369927207150285,3.523906259793661e-15,0.5638855773694591
C3_mfcc2_mean,-0.5559694524703178,0.6531611578406982,0.34683884215930183,1.410177452600681e-13,0.5559694524703178
C3_hjorth_mobility,-0.5433559301205406,0.662322789558899,0.337677210441101,4.587085304404615e-15,0.5433559301205406
C3_hjorth_activity,0.5332480024961418,0.6508246784872777,0.6508246784872777,3.2757228131360364e-13,0.5332480024961418
C4_wavelet_approx_relative,0.5305261936894319,0.6637707485948217,0.6637707485948217,2.6226931049310136e-15,0.5305261936894319
C3-CZ_covariance,0.5300101243645045,0.6674235543445353,0.6674235543445353,6.265560783847132e-16,0.5300101243645045
C3_sample_entropy,-0.5298840912456385,0.6465992707551764,0.3534007292448236,1.4570130114948382e-12,0.5298840912456385
C3_hjorth_complexity,0.5198574761954184,0.635805394305572,0.635805394305572,5.47802239404737e-11,0.5198574761954184
C4_hjorth_mobility,-0.5191458165967472,0.6535494741276047,0.34645052587239533,1.2243717086198137e-13,0.5191458165967472
C4_dfa,0.5154974084808033,0.6571956982453369,0.6571956982453369,3.1946401207806426e-14,0.5154974084808033
CZ-C4_covariance,0.5108198347764062,0.6550895760112678,0.6550895760112678,6.967426122247607e-14,0.5108198347764062
C3_spectral_edge_95,-0.5092492747837665,0.6499657755136964,0.3500342244863036,4.45027142507288e-13,0.5092492747837665
CZ_crest_factor,0.5062671505091274,0.6461977912043071,0.6461977912043071,1.6754229973954826e-12,0.5062671505091274
C4_mfcc5_mean,0.5056131939512539,0.6404849346443944,0.6404849346443944,1.1747400861420815e-11,0.5056131939512539
C4_hjorth_complexity,0.5041926225814424,0.6394845265832116,0.6394845265832116,1.6395379233040202e-11,0.5041926225814424
C3_ptp,0.49758997107172837,0.6376021798365124,0.6376021798365124,3.051002392272057e-11,0.49758997107172837
C3_wavelet_approx_relative,0.492485941208484,0.6607366162513657,0.6607366162513657,8.415912051809516e-15,0.492485941208484
C3_arburg_innovation_variance,-0.4826057167826437,0.6549645250036199,0.3450354749963801,7.295259567445319e-14,0.4826057167826437
C4_std,0.47861194132419665,0.6199370795982572,0.6199370795982572,6.99217152625399e-09,0.47861194132419665
CZ-C4_alpha_coherence,0.4740315587517397,0.6294607010754387,0.6294607010754387,4.0791313384583897e-10,0.4740315587517397
C4_ptp,0.47398758141837805,0.6319222314365069,0.6319222314365069,1.892421359065949e-10,0.47398758141837805
C4_higuchi_fd,-0.46173911008821916,0.6459805973489187,0.35401940265108134,1.8066511175681603e-12,0.46173911008821916
C4_sample_entropy,-0.4483679416329652,0.6240176914267662,0.3759823085732338,2.1224313248525874e-09,0.4483679416329652
C4_hjorth_activity,0.44621588852488075,0.6176400900367254,0.6176400900367254,1.345371164368737e-08,0.44621588852488075
C3_arburg1,-0.43928721226482204,0.6465268728033804,0.35347312719661966,1.4942186490802888e-12,0.43928721226482204
C3_alpha_power,0.43925772101218186,0.6369835064302544,0.6369835064302544,3.73529040717962e-11,0.43925772101218186
CZ_theta_power,0.431169850564505,0.620529426476589,0.620529426476589,5.894822196290558e-09,0.431169850564505
C3-C4_covariance,0.4291949471116322,0.6478826889915623,0.6478826889915623,9.299759206176293e-13,0.4291949471116322
CZ-C4_alpha_plv,0.4273434300074053,0.6212007529386986,0.6212007529386986,4.853166476962764e-09,0.4273434300074053
C3-CZ_correlation,0.4266198437654001,0.6250904974397451,0.6250904974397451,1.541619920691062e-09,0.4266198437654001
C4_spectral_edge_95,-0.4265026704142505,0.6267622319630376,0.3732377680369624,9.317069696655806e-10,0.4265026704142505
C3_low_gamma_relative,-0.42443363152354996,0.6423870262870381,0.35761297371296186,6.193392312863583e-12,0.42443363152354996
C4_mfcc4_mean,-0.42037623892182957,0.6132106517131988,0.38678934828680117,4.594724731113627e-08,0.42037623892182957
C4_arburg_innovation_variance,-0.41667502108646626,0.636582026879385,0.36341797312061497,4.2574631158950974e-11,0.41667502108646626
C4_lziv,-0.41314657778984426,0.6127631007384591,0.38723689926154087,5.188359306843231e-08,0.41314657778984426
C3_mfcc1_mean,-0.4109365720970595,0.6110255498953521,0.38897445010464793,8.284908738385324e-08,0.4109365720970595
C3_spectral_entropy,-0.4065820506007382,0.6113414682304623,0.38865853176953763,7.613107715776745e-08,0.4065820506007382
C4_wavelet_d4_relative,-0.39468707813203335,0.633376772104411,0.366623227895589,1.1942601557432e-10,0.39468707813203335
C3_mfcc4_mean,-0.38738248620048427,0.6106306519764642,0.3893693480235359,9.205702689318962e-08,0.38738248620048427
C3_aperiodic_slope,-0.3743179443977822,0.609077386828838,0.39092261317116195,1.3886590139308041e-07,0.3743179443977822
C4_mfcc1_mean,-0.37303087914773086,0.5990272347931392,0.40097276520686076,1.7402528180324541e-06,0.37303087914773086
CZ_alpha_peak_frequency,0.36580549918400607,0.6121082283563033,0.6121082283563033,6.18222118371748e-08,0.36580549918400607
CZ_mfcc4_mean,-0.3627444341994822,0.6047006015611631,0.39529939843883694,4.29477797869057e-07,0.3627444341994822
C3_spectral_centroid,-0.3577437309978271,0.6130197843857363,0.38698021561426366,4.839612930176963e-08,0.3577437309978271
CZ_low_gamma_power,-0.35239728708290885,0.6025549895352051,0.39744501046479486,7.35292394140301e-07,0.35239728708290885
C3_lziv,-0.3518290586022028,0.6031144282536298,0.39688557174637024,6.396880079753149e-07,0.3518290586022028
C3_beta_relative,-0.35141826944769944,0.6052337137516619,0.39476628624833815,3.751625191772302e-07,0.35141826944769944
C4_spectral_entropy,-0.35043389978691636,0.5950716739722781,0.40492832602772183,4.422623814826816e-06,0.35043389978691636
C4_theta_relative,-0.34518359864071285,0.6020152957127249,0.39798470428727506,8.404047748941873e-07,0.34518359864071285
C3_delta_power,0.34329473338546296,0.5920441232608037,0.5920441232608037,8.818848054816019e-06,0.34329473338546296
CZ-C4_correlation,0.33511403948952556,0.608215193039266,0.608215193039266,1.7405112134962578e-07,0.33511403948952556
C3_arburg3,-0.33285553651511296,0.6074056523055456,0.3925943476944544,2.1483447720918798e-07,0.33285553651511296
C3_arburg4,0.3305893524185518,0.6096039173873554,0.6096039173873554,1.2087587086571387e-07,0.3305893524185518
C4_spectral_centroid,-0.3264523223294313,0.6042793771143493,0.3957206228856507,4.776840962037025e-07,0.3264523223294313
C4_low_gamma_relative,-0.32340695725377244,0.6163369269043952,0.38366307309560477,1.939915846428816e-08,0.32340695725377244
CZ_beta_power,0.32055391182059817,0.6063789177164369,0.6063789177164369,2.799853052158046e-07,0.32055391182059817
C3_arburg2,0.3153892346452392,0.6018507549131883,0.6018507549131883,8.752324362901532e-07,0.3153892346452392
CZ_theta_relative,-0.31493800925642074,0.5998038673669523,0.4001961326330477,1.443070513684763e-06,0.31493800925642074
C3_permutation_entropy,-0.2855859037560595,0.5878779502165357,0.41212204978346434,2.2044510627770892e-05,0.2855859037560595
C4_beta_relative,-0.284479833696783,0.5910963682554726,0.4089036317445274,1.0899538584293166e-05,0.284479833696783
C3_kurtosis,-0.2766117637386135,0.5833168792533796,0.41668312074662034,5.749257496531732e-05,0.2766117637386135
C4_delta_power,0.2764282034316304,0.5664876462767708,0.5664876462767708,0.0013261596793700283,0.2764282034316304
C3_petrosian_fd,-0.27209099543376875,0.5861206544774842,0.41387934552251576,3.2067698226905957e-05,0.27209099543376875
CZ_delta_relative,0.2561626401138848,0.5686859113585805,0.5686859113585805,0.0009118421793322927,0.2561626401138848
C3_crest_factor,0.24693575189371053,0.5826323895273072,0.5826323895273072,6.612304143256596e-05,0.24693575189371053
C4_aperiodic_slope,-0.23823722686848262,0.5776830022772447,0.4223169977227553,0.00017624609171061625,0.23823722686848262
CZ_wavelet_d4_relative,-0.22952027505238085,0.6079782542879332,0.3920217457120668,1.851409904754415e-07,0.22952027505238085
C4_arburg1,-0.22689927507282429,0.5918730008292856,0.4081269991707144,9.164038353168798e-06,0.22689927507282429
C4_crest_factor,0.2259268349538775,0.5686200950387658,0.5686200950387658,0.0009222673636234598,0.2259268349538775
C3-CZ_alpha_coherence,0.22468021481952816,0.565263462728218,0.565263462728218,0.0016263061911547165,0.22468021481952816
CZ-C4_low_gamma_coherence,-0.2193265849513737,0.5559175453145362,0.44408245468546376,0.00693664004639306,0.2193265849513737
C3_wavelet_d4_relative,-0.21325110867842167,0.5827311140070291,0.41726888599297085,6.480671445822495e-05,0.21325110867842167
C3-CZ_alpha_plv,0.20689347305654124,0.5584251470994748,0.5584251470994748,0.0047881265132764675,0.20689347305654124
C3_theta_relative,-0.20358421169817298,0.5759125432742302,0.4240874567257697,0.00024700289176253336,0.20358421169817298
CZ_line_length,0.1979535571452319,0.5546143821822058,0.5546143821822058,0.008365604486714842,0.1979535571452319
C4_kurtosis,-0.1931768687152413,0.5573260145585699,0.4426739854414301,0.005642221556547877,0.1931768687152413
C4_delta_relative,0.18299379508878272,0.5495267806605326,0.5495267806605326,0.016789425928410668,0.18299379508878272
C4_spectral_edge_50,-0.1764783834250237,0.5506950203372428,0.4493049796627572,0.01437233355866931,0.1764783834250237
CZ_spectral_edge_50,-0.16929329889988734,0.5731186404980979,0.4268813595019021,0.00041448948250780653,0.16929329889988734
CZ_skew,0.1689062563279323,0.559149126617436,0.559149126617436,0.004291358239292562,0.1689062563279323
C3-CZ_low_gamma_coherence,-0.1629324072344869,0.5381471389645777,0.46185286103542234,0.06550286777726749,0.1629324072344869
C3_alpha_relative,0.15898168409077046,0.5338690781766247,0.5338690781766247,0.10199864778746183,0.15898168409077046
C4_permutation_entropy,-0.15866939008399283,0.5555687188195184,0.4444312811804816,0.007295899437754246,0.15866939008399283
CZ_kurtosis,0.15717600436380838,0.5187773960431229,0.5187773960431229,0.3646581364992124,0.15717600436380838
C4_petrosian_fd,-0.15617591208183132,0.5568488462399137,0.44315115376008635,0.0060539362784210555,0.15617591208183132
C4_skew,0.1524135262262657,0.5510668825441957,0.5510668825441957,0.013676407473914102,0.1524135262262657
C3-CZ_low_gamma_plv,-0.14533466625990882,0.5372586186470798,0.4627413813529202,0.07203331002867243,0.14533466625990882
C4_low_gamma_power,-0.1428275398493013,0.5520343824454712,0.44796561755452885,0.011992369725167653,0.1428275398493013
C3-C4_alpha_coherence,0.14012009564431974,0.5392528531374639,0.5392528531374639,0.05806578321027849,0.14012009564431974
C3_theta_power,0.13784851277622168,0.543234740486251,0.543234740486251,0.03684566783134918,0.13784851277622168
CZ_alpha_relative,0.1321672535551962,0.5240097934683885,0.5240097934683885,0.24638449168524124,0.1321672535551962
C3_delta_relative,0.12622042366781905,0.5333622925140518,0.5333622925140518,0.10722989269256605,0.12622042366781905
CZ-C4_low_gamma_plv,-0.1154228407275774,0.5347707617580855,0.4652292382419145,0.09319510652180832,0.1154228407275774
C4_alpha_power,0.11423197453740751,0.5548381576695758,0.5548381576695758,0.008102903433332783,0.11423197453740751
C4_arburg4,0.10448282668384455,0.5440640261159158,0.5440640261159158,0.03337749566324946,0.10448282668384455
C4_arburg2,0.09668207702542343,0.5456501994234491,0.5456501994234491,0.027517124709530466,0.09668207702542343
C3_low_gamma_power,-0.09463550186196167,0.5486382603430346,0.4513617396569653,0.01885507552365294,0.09463550186196167
C4_line_length,-0.09405521489494846,0.5521396885571747,0.44786031144282534,0.01182065464357012,0.09405521489494846
C4_arburg3,-0.09273041303265876,0.5403848938382761,0.45961510616172385,0.051192500525818946,0.09273041303265876
C3_skew,0.08770023664962459,0.5194684674011768,0.5194684674011768,0.34727202422612313,0.08770023664962459
C4_alpha_relative,-0.08192551642925655,0.5256025484079032,0.4743974515920968,0.21642751642401004,0.08192551642925655
C3-C4_low_gamma_plv,0.08027087897708124,0.5280969869288789,0.5280969869288789,0.17493066950370972,0.08027087897708124
C3_alpha_peak_frequency,0.07622132099967283,0.517579539022496,0.517579539022496,0.3960287182682787,0.07622132099967283
C3_spectral_edge_50,-0.058562093498997415,0.5233582119022233,0.47664178809777674,0.25941340593697737,0.058562093498997415
C3_beta_power,0.0495679811092083,0.5154668351564453,0.5154668351564453,0.4552619620513154,0.0495679811092083
C3-C4_low_gamma_coherence,-0.04652584897961057,0.5088917848069607,0.49110821519303927,0.6677856516895022,0.04652584897961057
C4_theta_power,-0.04536660822248136,0.5067198462530769,0.49328015374692313,0.7456995549110733,0.04536660822248136
C3-C4_alpha_plv,0.03949236869243431,0.5134331108741724,0.5134331108741724,0.5166802805892747,0.03949236869243431
C3_line_length,-0.01907093616227582,0.5269583645960852,0.47304163540391475,0.1930701410975384,0.01907093616227582
C4_alpha_peak_frequency,0.018092818868732628,0.5094643867893482,0.5094643867893482,0.6477641848486604,0.018092818868732628
C4_beta_power,0.004221906463432816,0.5022838262975687,0.49771617370243126,0.9123160006024538,0.004221906463432816
